;BC-FN;BC-UD;BC-SOC;BC-UDI;BC-UG;BC-FG;Abstentions;BlancsNuls
0;0.14666666666666667;0.19666666666666666;0.20333333333333334;0.0;0.0;0.0;0.4166666666666667;0.03666666666666667
1;0.16129032258064516;0.2967741935483871;0.0;0.0;0.0;0.0;0.4967741935483871;0.04516129032258064
2;0.18216175359032502;0.30763416477702193;0.0;0.0;0.0;0.0;0.45351473922902497;0.05668934240362812
3;0.17852684144818975;0.2009987515605493;0.12983770287141075;0.0;0.0;0.0;0.46941323345817726;0.02122347066167291
4;0.13728129205921938;0.30686406460296095;0.0;0.0;0.0;0.0;0.4979811574697174;0.05787348586810229
5;0.1267605633802817;0.28169014084507044;0.0;0.0;0.0;0.0;0.5305164319248826;0.06103286384976526
6;0.08333333333333333;0.4861111111111111;0.041666666666666664;0.0;0.0;0.0;0.375;0.013888888888888888
7;0.16066481994459833;0.24930747922437674;0.0;0.0;0.0;0.0;0.518005540166205;0.07202216066481995
8;0.1506276150627615;0.3514644351464435;0.0;0.0;0.0;0.0;0.4560669456066946;0.04184100418410042
9;0.12269938650306748;0.44785276073619634;0.0;0.0;0.0;0.0;0.37423312883435583;0.05521472392638037
10;0.1450653983353151;0.3448275862068966;0.0;0.0;0.0;0.0;0.469678953626635;0.04042806183115339
11;0.15112540192926044;0.3579849946409432;0.0;0.0;0.0;0.0;0.4533762057877814;0.03751339764201501
12;0.2159090909090909;0.13068181818181818;0.17897727272727273;0.0;0.0;0.0;0.45170454545454547;0.022727272727272728
13;0.13307984790874525;0.23574144486692014;0.0;0.0;0.0;0.0;0.5399239543726235;0.09125475285171103
14;0.17647058823529413;0.1895424836601307;0.19607843137254902;0.0;0.0;0.0;0.42483660130718953;0.013071895424836602
15;0.15808383233532936;0.3125748502994012;0.0;0.0;0.0;0.0;0.481437125748503;0.04790419161676647
16;0.16193853427895982;0.32269503546099293;0.0;0.0;0.0;0.0;0.46926713947990545;0.04609929078014184
17;0.16254036598493002;0.38858988159311086;0.0;0.0;0.0;0.0;0.38751345532831;0.061356297093649086
18;0.13074204946996468;0.39693757361601884;0.0;0.0;0.0;0.0;0.43109540636042404;0.04122497055359246
19;0.18513689700130379;0.3155149934810952;0.0;0.0;0.0;0.0;0.4445893089960887;0.054758800521512385
20;0.12318840579710146;0.286231884057971;0.0;0.0;0.0;0.0;0.5398550724637681;0.050724637681159424
21;0.22362869198312235;0.3333333333333333;0.0;0.0;0.0;0.0;0.37130801687763715;0.07172995780590717
22;0.19269340974212035;0.14398280802292263;0.18553008595988538;0.0;0.0;0.0;0.45988538681948427;0.01790830945558739
23;0.18333333333333332;0.33055555555555555;0.0;0.0;0.0;0.0;0.43333333333333335;0.05277777777777778
24;0.22503725782414308;0.19523099850968703;0.14754098360655737;0.0;0.0;0.0;0.4083457526080477;0.02384500745156483
25;0.21100917431192662;0.3119266055045872;0.0;0.0;0.0;0.0;0.38073394495412843;0.0963302752293578
26;0.20462046204620463;0.2376237623762376;0.15181518151815182;0.0;0.0;0.0;0.38283828382838286;0.0231023102310231
27;0.12463199214916584;0.2698724239450442;0.19921491658488713;0.0;0.0;0.0;0.39646712463199213;0.009813542688910697
28;0.21176470588235294;0.5176470588235295;0.0;0.0;0.0;0.0;0.21176470588235294;0.058823529411764705
29;0.19348659003831417;0.08812260536398467;0.23563218390804597;0.0;0.0;0.0;0.4540229885057471;0.028735632183908046
30;0.10402219140083217;0.29542302357836336;0.20804438280166435;0.0;0.0;0.0;0.3814147018030513;0.011095700416088766
31;0.1934065934065934;0.14505494505494507;0.24835164835164836;0.0;0.0;0.0;0.3868131868131868;0.026373626373626374
32;0.1353558926487748;0.28004667444574094;0.0;0.0;0.0;0.0;0.5239206534422404;0.060676779463243874
33;0.1791044776119403;0.31343283582089554;0.0;0.0;0.0;0.0;0.4216417910447761;0.08582089552238806
34;0.19279661016949154;0.2754237288135593;0.0;0.0;0.0;0.0;0.4713983050847458;0.06038135593220339
35;0.1832579185520362;0.12895927601809956;0.2330316742081448;0.0;0.0;0.0;0.4276018099547511;0.027149321266968326
36;0.1656222023276634;0.1665174574753805;0.22829006266786034;0.0;0.0;0.0;0.41987466427931963;0.019695613249776187
37;0.0;0.27298850574712646;0.1336206896551724;0.0;0.0;0.0;0.5531609195402298;0.040229885057471264
38;0.0;0.3290960451977401;0.1271186440677966;0.0;0.0;0.0;0.5155367231638418;0.02824858757062147
39;0.0;0.27586206896551724;0.1454272863568216;0.0;0.0;0.0;0.5517241379310345;0.026986506746626688
40;0.0;0.22358722358722358;0.21375921375921375;0.0;0.0;0.0;0.5184275184275184;0.044226044226044224
41;0.0;0.1949367088607595;0.1810126582278481;0.0;0.0;0.0;0.5645569620253165;0.05949367088607595
42;0.0;0.19309462915601022;0.23145780051150894;0.0;0.0;0.0;0.5217391304347826;0.05370843989769821
43;0.0;0.15842839036755388;0.17870722433460076;0.0;0.0;0.0;0.605830164765526;0.057034220532319393
44;0.0;0.21656050955414013;0.20382165605095542;0.0;0.0;0.0;0.5197452229299363;0.05987261146496815
45;0.0;0.17297297297297298;0.1445945945945946;0.0;0.0;0.0;0.6378378378378379;0.0445945945945946
46;0.0;0.2690513219284603;0.16951788491446346;0.0;0.0;0.0;0.52099533437014;0.04043545878693624
47;0.0;0.28160919540229884;0.13793103448275862;0.0;0.0;0.0;0.5172413793103449;0.06321839080459771
48;0.0;0.2687074829931973;0.141156462585034;0.0;0.0;0.0;0.5306122448979592;0.05952380952380952
49;0.0;0.12;0.3;0.0;0.0;0.0;0.57;0.01
50;0.0;0.25076452599388377;0.1834862385321101;0.0;0.0;0.0;0.5229357798165137;0.04281345565749235
51;0.0;0.1926605504587156;0.191131498470948;0.0;0.0;0.0;0.5718654434250765;0.04434250764525994
52;0.0;0.2512820512820513;0.1658119658119658;0.0;0.0;0.0;0.5333333333333333;0.04957264957264957
53;0.0;0.22575976845151954;0.2199710564399421;0.0;0.0;0.0;0.5021707670043415;0.05209840810419682
54;0.0;0.24758842443729903;0.18006430868167203;0.0;0.0;0.0;0.5144694533762058;0.05787781350482315
55;0.0;0.22801788375558868;0.22205663189269748;0.0;0.0;0.0;0.4947839046199702;0.05514157973174367
56;0.0;0.16294349540078842;0.24967148488830487;0.0;0.0;0.0;0.519053876478318;0.0683311432325887
57;0.0;0.19455252918287938;0.19974059662775617;0.0;0.0;0.0;0.5577172503242542;0.04798962386511025
58;0.0;0.07894736842105263;0.14736842105263157;0.0;0.0;0.0;0.7342105263157894;0.039473684210526314
59;0.0;0.1310615989515072;0.2634338138925295;0.0;0.0;0.0;0.5609436435124509;0.04456094364351245
60;0.0;0.17362924281984335;0.26631853785900783;0.0;0.0;0.0;0.5;0.06005221932114883
61;0.0;0.22727272727272727;0.1994949494949495;0.0;0.0;0.0;0.5214646464646465;0.05176767676767677
62;0.0;0.22157434402332363;0.2259475218658892;0.0;0.0;0.0;0.4956268221574344;0.056851311953352766
63;0.0;0.21750663129973474;0.16976127320954906;0.0;0.0;0.0;0.5570291777188329;0.05570291777188329
64;0.0;0.17592592592592593;0.2777777777777778;0.0;0.0;0.0;0.4933862433862434;0.05291005291005291
65;0.0;0.16209150326797386;0.265359477124183;0.0;0.0;0.0;0.5032679738562091;0.06928104575163399
66;0.0;0.18170878459687123;0.20938628158844766;0.0;0.0;0.0;0.5667870036101083;0.0421179302045728
67;0.0;0.2879746835443038;0.21677215189873417;0.0;0.0;0.0;0.439873417721519;0.055379746835443035
68;0.0;0.24294670846394983;0.20532915360501566;0.0;0.0;0.0;0.5078369905956113;0.0438871473354232
69;0.0;0.17372881355932204;0.1709039548022599;0.0;0.0;0.0;0.6031073446327684;0.052259887005649715
70;0.0;0.25039123630672927;0.13145539906103287;0.0;0.0;0.0;0.5868544600938967;0.03129890453834116
71;0.0;0.21621621621621623;0.19750519750519752;0.0;0.0;0.0;0.5384615384615384;0.04781704781704782
72;0.0;0.18995633187772926;0.16375545851528384;0.0;0.0;0.0;0.5851528384279476;0.0611353711790393
73;0.0;0.22028985507246376;0.20869565217391303;0.0;0.0;0.0;0.5159420289855072;0.05507246376811594
74;0.0;0.24386724386724387;0.26551226551226553;0.0;0.0;0.0;0.46320346320346323;0.027417027417027416
75;0.0;0.19014084507042253;0.24647887323943662;0.0;0.0;0.0;0.5169014084507042;0.04647887323943662
76;0.0;0.2663115845539281;0.15978695073235685;0.0;0.0;0.0;0.5419440745672437;0.03195739014647137
77;0.0;0.2480106100795756;0.14986737400530503;0.0;0.0;0.0;0.5623342175066313;0.03978779840848806
78;0.0;0.14285714285714285;0.22580645161290322;0.0;0.0;0.0;0.5852534562211982;0.04608294930875576
79;0.0;0.11129848229342328;0.20067453625632378;0.0;0.0;0.0;0.6340640809443507;0.05396290050590219
80;0.0;0.18513323983169705;0.211781206171108;0.0;0.0;0.0;0.5497896213183731;0.05329593267882188
81;0.0;0.10074074074074074;0.2074074074074074;0.0;0.0;0.0;0.6474074074074074;0.044444444444444446
82;0.0;0.1873156342182891;0.1873156342182891;0.0;0.0;0.0;0.5781710914454278;0.0471976401179941
83;0.0;0.24343015214384509;0.21300138312586445;0.0;0.0;0.0;0.5034578146611342;0.040110650069156296
84;0.0;0.2190082644628099;0.17079889807162535;0.0;0.0;0.0;0.5785123966942148;0.03168044077134986
85;0.0;0.15395894428152493;0.15835777126099707;0.0;0.0;0.0;0.6407624633431085;0.0469208211143695
86;0.0;0.1493411420204978;0.19326500732064422;0.0;0.0;0.0;0.6076134699853587;0.04978038067349927
87;0.0;0.1834975369458128;0.22167487684729065;0.0;0.0;0.0;0.5467980295566502;0.0480295566502463
88;0.0;0.13228155339805825;0.17597087378640777;0.0;0.0;0.0;0.662621359223301;0.02912621359223301
89;0.0;0.0687960687960688;0.16216216216216217;0.0;0.0;0.0;0.7358722358722358;0.033169533169533166
90;0.0;0.19482120838471023;0.18372379778051787;0.0;0.0;0.0;0.5832305795314426;0.03822441430332922
91;0.0;0.2600732600732601;0.20634920634920634;0.0;0.0;0.0;0.46886446886446886;0.06471306471306472
92;0.0;0.06393442622950819;0.15245901639344261;0.0;0.0;0.0;0.740983606557377;0.04262295081967213
93;0.0;0.14652567975830816;0.21148036253776434;0.0;0.0;0.0;0.6027190332326284;0.03927492447129909
94;0.0;0.22324159021406728;0.16055045871559634;0.0;0.0;0.0;0.5504587155963303;0.06574923547400612
95;0.0;0.11621233859397417;0.1606886657101865;0.0;0.0;0.0;0.6771879483500718;0.04591104734576758
96;0.0;0.10799438990182328;0.17251051893408134;0.0;0.0;0.0;0.6760168302945302;0.043478260869565216
97;0.0;0.20054570259208732;0.1582537517053206;0.0;0.0;0.0;0.5770804911323328;0.06412005457025921
98;0.0;0.14985994397759103;0.2184873949579832;0.0;0.0;0.0;0.5826330532212886;0.049019607843137254
99;0.0;0.15595075239398085;0.21203830369357046;0.0;0.0;0.0;0.5622435020519836;0.06976744186046512
100;0.0;0.12181303116147309;0.2237960339943343;0.0;0.0;0.0;0.5878186968838527;0.06657223796033994
101;0.2140077821011673;0.0;0.0;0.2529182879377432;0.0;0.0;0.4280155642023346;0.10505836575875487
102;0.19806763285024154;0.30112721417069244;0.0;0.0;0.0;0.0;0.463768115942029;0.037037037037037035
103;0.1504424778761062;0.31194690265486724;0.0;0.0;0.0;0.0;0.4424778761061947;0.09513274336283185
104;0.16852678571428573;0.3515625;0.0;0.0;0.0;0.0;0.43526785714285715;0.044642857142857144
105;0.2199074074074074;0.0;0.0;0.2824074074074074;0.0;0.0;0.4074074074074074;0.09027777777777778
106;0.06338028169014084;0.4154929577464789;0.08450704225352113;0.0;0.0;0.0;0.4154929577464789;0.02112676056338028
107;0.2;0.31636363636363635;0.0;0.0;0.0;0.0;0.41818181818181815;0.06545454545454546
108;0.23870967741935484;0.27741935483870966;0.0;0.0;0.0;0.0;0.4258064516129032;0.05806451612903226
109;0.2556390977443609;0.0;0.0;0.23684210526315788;0.0;0.0;0.42105263157894735;0.08646616541353383
110;0.20666666666666667;0.4066666666666667;0.0;0.0;0.0;0.0;0.31333333333333335;0.07333333333333333
111;0.18888888888888888;0.27037037037037037;0.0;0.0;0.0;0.0;0.4740740740740741;0.06666666666666667
112;0.2403846153846154;0.2403846153846154;0.0;0.0;0.0;0.0;0.4583333333333333;0.060897435897435896
113;0.2619047619047619;0.23809523809523808;0.0;0.0;0.0;0.0;0.3888888888888889;0.1111111111111111
114;0.214;0.316;0.0;0.0;0.0;0.0;0.428;0.042
115;0.15737704918032788;0.14426229508196722;0.18688524590163935;0.0;0.0;0.0;0.4918032786885246;0.019672131147540985
116;0.21333333333333335;0.21866666666666668;0.21066666666666667;0.0;0.0;0.0;0.336;0.021333333333333333
117;0.0;0.11984659635666348;0.0;0.0;0.45158197507190795;0.0;0.4189837008628955;0.009587727708533078
118;0.0;0.09818569903948772;0.0;0.0;0.43329775880469584;0.0;0.4567769477054429;0.011739594450373533
119;0.0;0.13588110403397027;0.0;0.0;0.3885350318471338;0.0;0.45116772823779194;0.024416135881104035
120;0.16083916083916083;0.34965034965034963;0.0;0.0;0.0;0.0;0.44755244755244755;0.04195804195804196
121;0.15890850722311398;0.39807383627608345;0.0;0.0;0.0;0.0;0.39486356340288925;0.048154093097913325
122;0.13725490196078433;0.34509803921568627;0.0;0.0;0.0;0.0;0.4627450980392157;0.054901960784313725
123;0.17120622568093385;0.15953307392996108;0.16342412451361868;0.0;0.0;0.0;0.4785992217898833;0.027237354085603113
124;0.2222222222222222;0.23809523809523808;0.15873015873015872;0.0;0.0;0.0;0.35978835978835977;0.021164021164021163
125;0.0;0.20920502092050208;0.0;0.0;0.0;0.2524407252440725;0.49511854951185497;0.043235704323570434
126;0.22685185185185186;0.1111111111111111;0.2175925925925926;0.0;0.0;0.0;0.4212962962962963;0.023148148148148147
127;0.17569546120058566;0.25768667642752563;0.0;0.0;0.0;0.0;0.45095168374816985;0.11566617862371889
128;0.15768194070080863;0.3032345013477089;0.0;0.0;0.0;0.0;0.46900269541778977;0.07008086253369272
129;0.15492957746478872;0.2764084507042254;0.0;0.0;0.0;0.0;0.4964788732394366;0.0721830985915493
130;0.10018214936247723;0.29690346083788705;0.0;0.0;0.0;0.0;0.5245901639344263;0.07832422586520947
131;0.1272264631043257;0.3702290076335878;0.0;0.0;0.0;0.0;0.42493638676844786;0.07760814249363868
132;0.25;0.175;0.0;0.0;0.0;0.0;0.425;0.15
133;0.07058823529411765;0.1411764705882353;0.23529411764705882;0.0;0.0;0.0;0.5411764705882353;0.011764705882352941
134;0.1111111111111111;0.17094017094017094;0.18803418803418803;0.0;0.0;0.0;0.5213675213675214;0.008547008547008548
135;0.15827338129496402;0.23741007194244604;0.0;0.0;0.0;0.0;0.4172661870503597;0.18705035971223022
136;0.15060240963855423;0.3433734939759036;0.0;0.0;0.0;0.0;0.4457831325301205;0.060240963855421686
137;0.1863799283154122;0.2724014336917563;0.0;0.0;0.0;0.0;0.43548387096774194;0.1057347670250896
138;0.0;0.2876480541455161;0.0;0.0;0.0;0.19120135363790186;0.48223350253807107;0.038917089678511
139;0.0;0.2982456140350877;0.0;0.0;0.0;0.11695906432748537;0.5672514619883041;0.017543859649122806
140;0.22831858407079647;0.2902654867256637;0.0;0.0;0.0;0.0;0.45663716814159294;0.024778761061946902
141;0.15;0.4;0.0;0.0;0.0;0.0;0.35;0.1
142;0.20121951219512196;0.0;0.0;0.2682926829268293;0.0;0.0;0.4481707317073171;0.08231707317073171
143;0.13020833333333334;0.3802083333333333;0.10416666666666667;0.0;0.0;0.0;0.375;0.010416666666666666
144;0.08333333333333333;0.625;0.0;0.0;0.0;0.0;0.16666666666666666;0.125
145;0.2760416666666667;0.13541666666666666;0.16666666666666666;0.0;0.0;0.0;0.3854166666666667;0.036458333333333336
146;0.2122905027932961;0.2681564245810056;0.0;0.0;0.0;0.0;0.4134078212290503;0.10614525139664804
147;0.22023809523809523;0.19642857142857142;0.13690476190476192;0.0;0.0;0.0;0.43452380952380953;0.011904761904761904
148;0.18831168831168832;0.15064935064935064;0.1987012987012987;0.0;0.0;0.0;0.44025974025974024;0.02207792207792208
149;0.21351351351351353;0.25135135135135134;0.0;0.0;0.0;0.0;0.5027027027027027;0.032432432432432434
150;0.1417624521072797;0.14942528735632185;0.24904214559386972;0.0;0.0;0.0;0.4367816091954023;0.022988505747126436
151;0.2833333333333333;0.35;0.0;0.0;0.0;0.0;0.3;0.06666666666666667
152;0.1614457831325301;0.1927710843373494;0.2216867469879518;0.0;0.0;0.0;0.4072289156626506;0.016867469879518072
153;0.19166666666666668;0.23333333333333334;0.15;0.0;0.0;0.0;0.36666666666666664;0.058333333333333334
154;0.19413919413919414;0.14285714285714285;0.1978021978021978;0.0;0.0;0.0;0.4358974358974359;0.029304029304029304
155;0.09451575262543757;0.33255542590431736;0.13418903150525088;0.0;0.0;0.0;0.4224037339556593;0.01633605600933489
156;0.20646319569120286;0.3357271095152603;0.0;0.0;0.0;0.0;0.40933572710951527;0.04847396768402154
157;0.20689655172413793;0.20689655172413793;0.13218390804597702;0.0;0.0;0.0;0.41954022988505746;0.034482758620689655
158;0.24431818181818182;0.0;0.0;0.0;0.0;0.3352272727272727;0.3068181818181818;0.11363636363636363
159;0.18223234624145787;0.0;0.0;0.3325740318906606;0.0;0.0;0.3895216400911162;0.09567198177676538
160;0.11888111888111888;0.3626373626373626;0.0;0.0;0.0;0.0;0.46553446553446554;0.052947052947052944
161;0.11522633744855967;0.3611111111111111;0.0;0.0;0.0;0.0;0.47016460905349794;0.053497942386831275
162;0.13613613613613615;0.3263263263263263;0.0;0.0;0.0;0.0;0.4874874874874875;0.05005005005005005
163;0.24;0.37714285714285717;0.0;0.0;0.0;0.0;0.34285714285714286;0.04
164;0.24702380952380953;0.34226190476190477;0.0;0.0;0.0;0.0;0.37202380952380953;0.03869047619047619
165;0.16049382716049382;0.2222222222222222;0.17592592592592593;0.0;0.0;0.0;0.41975308641975306;0.021604938271604937
166;0.2138364779874214;0.0;0.0;0.2830188679245283;0.0;0.0;0.3836477987421384;0.11949685534591195
167;0.1228878648233487;0.17665130568356374;0.2534562211981567;0.0;0.0;0.0;0.43164362519201227;0.015360983102918587
168;0.19642857142857142;0.33035714285714285;0.0;0.0;0.0;0.0;0.4107142857142857;0.0625
169;0.1404109589041096;0.2773972602739726;0.1232876712328767;0.0;0.0;0.0;0.4349315068493151;0.023972602739726026
170;0.20915032679738563;0.13071895424836602;0.13071895424836602;0.0;0.0;0.0;0.5032679738562091;0.026143790849673203
171;0.18110236220472442;0.20603674540682415;0.0;0.0;0.0;0.0;0.5170603674540682;0.09580052493438321
172;0.13125845737483086;0.19485791610284167;0.0;0.0;0.0;0.0;0.5399188092016238;0.13396481732070364
173;0.11498257839721254;0.20209059233449478;0.2264808362369338;0.0;0.0;0.0;0.4274099883855981;0.029036004645760744
174;0.09950248756218906;0.1927860696517413;0.19527363184079602;0.0;0.0;0.0;0.48134328358208955;0.03109452736318408
175;0.14166666666666666;0.26666666666666666;0.11666666666666667;0.0;0.0;0.0;0.4583333333333333;0.016666666666666666
176;0.14772727272727273;0.22727272727272727;0.1534090909090909;0.0;0.0;0.0;0.4431818181818182;0.028409090909090908
177;0.2904929577464789;0.0;0.0;0.0;0.0;0.29577464788732394;0.3274647887323944;0.08626760563380281
178;0.11538461538461539;0.19230769230769232;0.23076923076923078;0.0;0.0;0.0;0.44405594405594406;0.017482517482517484
179;0.21338912133891214;0.2301255230125523;0.0;0.0;0.0;0.0;0.4811715481171548;0.07531380753138076
180;0.20211742059672763;0.0;0.0;0.0;0.0;0.35611164581328203;0.3859480269489894;0.05582290664100096
181;0.23140495867768596;0.256198347107438;0.10743801652892562;0.0;0.0;0.0;0.371900826446281;0.03305785123966942
182;0.18867924528301888;0.2037735849056604;0.1509433962264151;0.0;0.0;0.0;0.44150943396226416;0.01509433962264151
183;0.18888888888888888;0.2111111111111111;0.2;0.0;0.0;0.0;0.35555555555555557;0.044444444444444446
184;0.22772277227722773;0.20297029702970298;0.0;0.0;0.0;0.0;0.5297029702970297;0.039603960396039604
185;0.14678899082568808;0.0;0.0;0.44954128440366975;0.0;0.0;0.3577981651376147;0.045871559633027525
186;0.1417004048582996;0.19595141700404858;0.19190283400809716;0.0;0.0;0.0;0.4493927125506073;0.021052631578947368
187;0.14762242725337119;0.127750177430802;0.20581973030518097;0.0;0.0;0.0;0.5024840312278211;0.016323633782824698
188;0.16791979949874686;0.3567251461988304;0.0;0.0;0.0;0.0;0.42355889724310775;0.05179615705931495
189;0.11538461538461539;0.4807692307692308;0.0;0.0;0.0;0.0;0.30128205128205127;0.10256410256410256
190;0.17616580310880828;0.18523316062176165;0.16968911917098445;0.0;0.0;0.0;0.4494818652849741;0.019430051813471502
191;0.12837837837837837;0.34459459459459457;0.0;0.0;0.0;0.0;0.4391891891891892;0.08783783783783784
192;0.29818181818181816;0.31272727272727274;0.0;0.0;0.0;0.0;0.3418181818181818;0.04727272727272727
193;0.1893939393939394;0.15151515151515152;0.19696969696969696;0.0;0.0;0.0;0.4393939393939394;0.022727272727272728
194;0.26993865030674846;0.2331288343558282;0.0;0.0;0.0;0.0;0.44171779141104295;0.05521472392638037
195;0.16905901116427433;0.2583732057416268;0.0;0.0;0.0;0.0;0.5151515151515151;0.05741626794258373
196;0.1864406779661017;0.2966101694915254;0.13559322033898305;0.0;0.0;0.0;0.3686440677966102;0.012711864406779662
197;0.21770334928229665;0.18421052631578946;0.16985645933014354;0.0;0.0;0.0;0.40669856459330145;0.0215311004784689
198;0.1559633027522936;0.12844036697247707;0.21284403669724772;0.0;0.0;0.0;0.4706422018348624;0.03211009174311927
199;0.12162162162162163;0.14864864864864866;0.19594594594594594;0.0;0.0;0.0;0.49324324324324326;0.04054054054054054
200;0.23745819397993312;0.13377926421404682;0.21070234113712374;0.0;0.0;0.0;0.391304347826087;0.026755852842809364
201;0.2670807453416149;0.13664596273291926;0.19254658385093168;0.0;0.0;0.0;0.38509316770186336;0.018633540372670808
202;0.14;0.33;0.0;0.0;0.0;0.0;0.48;0.05
203;0.16883116883116883;0.24675324675324675;0.0;0.0;0.0;0.0;0.5194805194805194;0.06493506493506493
204;0.09523809523809523;0.5;0.16666666666666666;0.0;0.0;0.0;0.23809523809523808;0.0
205;0.1752988047808765;0.40239043824701193;0.0;0.0;0.0;0.0;0.3904382470119522;0.03187250996015936
206;0.14844533600802406;0.1584754262788365;0.21063189568706117;0.0;0.0;0.0;0.46940822467402205;0.013039117352056168
207;0.14624505928853754;0.3073122529644269;0.0;0.0;0.0;0.0;0.48122529644268774;0.06521739130434782
208;0.23972602739726026;0.2962328767123288;0.0;0.0;0.0;0.0;0.3835616438356164;0.08047945205479452
209;0.2048417132216015;0.36685288640595903;0.0;0.0;0.0;0.0;0.37057728119180633;0.05772811918063315
210;0.2037037037037037;0.3055555555555556;0.0;0.0;0.0;0.0;0.4166666666666667;0.07407407407407407
211;0.20666666666666667;0.2733333333333333;0.0;0.0;0.0;0.0;0.44;0.08
212;0.21551724137931033;0.36637931034482757;0.0;0.0;0.0;0.0;0.36637931034482757;0.05172413793103448
213;0.09375;0.28125;0.15625;0.0;0.0;0.0;0.34375;0.125
214;0.13533834586466165;0.38345864661654133;0.12781954887218044;0.0;0.0;0.0;0.3308270676691729;0.022556390977443608
215;0.0;0.16958041958041958;0.0;0.0;0.0;0.28321678321678323;0.5122377622377622;0.03496503496503497
216;0.0;0.15604395604395604;0.0;0.0;0.0;0.18021978021978022;0.6351648351648351;0.02857142857142857
217;0.15856236786469344;0.3361522198731501;0.0;0.0;0.0;0.0;0.4503171247357294;0.05496828752642706
218;0.1875;0.32211538461538464;0.0;0.0;0.0;0.0;0.4182692307692308;0.07211538461538461
219;0.2084942084942085;0.0;0.0;0.21621621621621623;0.0;0.0;0.4826254826254826;0.09266409266409266
220;0.0;0.22784810126582278;0.0;0.0;0.0;0.2510548523206751;0.46835443037974683;0.052742616033755275
221;0.0;0.24751381215469614;0.0;0.0;0.2729281767955801;0.0;0.4530386740331492;0.026519337016574586
222;0.0;0.26544021024967146;0.0;0.0;0.22207621550591328;0.0;0.4730617608409987;0.03942181340341656
223;0.2202729044834308;0.06237816764132553;0.24951267056530213;0.0;0.0;0.0;0.442495126705653;0.025341130604288498
224;0.17090271691498685;0.2787028921998247;0.0;0.0;0.0;0.0;0.48729184925503943;0.06310254163014899
225;0.08743169398907104;0.31693989071038253;0.0;0.0;0.0;0.0;0.5519125683060109;0.04371584699453552
226;0.12937062937062938;0.22144522144522144;0.0;0.0;0.0;0.0;0.5874125874125874;0.06177156177156177
227;0.14180024660912455;0.2885326757090012;0.0;0.0;0.0;0.0;0.5006165228113441;0.0690505548705302
228;0.12138728323699421;0.34778420038535646;0.0;0.0;0.0;0.0;0.4576107899807322;0.07321772639691715
229;0.17957351290684623;0.26823793490460157;0.0;0.0;0.0;0.0;0.500561167227834;0.051627384960718295
230;0.1326676176890157;0.25677603423680456;0.0;0.0;0.0;0.0;0.5563480741797432;0.05420827389443652
231;0.18411552346570398;0.0;0.0;0.2743682310469314;0.0;0.0;0.44945848375451264;0.09205776173285199
232;0.19767441860465115;0.06589147286821706;0.20930232558139536;0.0;0.0;0.0;0.5232558139534884;0.003875968992248062
233;0.17391304347826086;0.27053140096618356;0.1111111111111111;0.0;0.0;0.0;0.43719806763285024;0.007246376811594203
234;0.17445482866043613;0.2336448598130841;0.12461059190031153;0.0;0.0;0.0;0.4454828660436137;0.021806853582554516
235;0.1696969696969697;0.24646464646464647;0.1414141414141414;0.0;0.0;0.0;0.41414141414141414;0.028282828282828285
236;0.16216216216216217;0.14864864864864866;0.16554054054054054;0.0;0.0;0.0;0.47635135135135137;0.0472972972972973
237;0.21951219512195122;0.3024390243902439;0.0;0.0;0.0;0.0;0.45365853658536587;0.024390243902439025
238;0.1379980563654033;0.2954324586977648;0.0;0.0;0.0;0.0;0.49173955296404276;0.07482993197278912
239;0.16433239962651727;0.2605042016806723;0.0;0.0;0.0;0.0;0.5200746965452848;0.055088702147525676
240;0.16075156576200417;0.302713987473904;0.0;0.0;0.0;0.0;0.4613778705636743;0.07515657620041753
241;0.2527075812274368;0.0;0.0;0.0;0.0;0.22202166064981949;0.4657039711191336;0.05956678700361011
242;0.1650485436893204;0.39158576051779936;0.0;0.0;0.0;0.0;0.4077669902912621;0.03559870550161812
243;0.29896907216494845;0.20618556701030927;0.0;0.0;0.0;0.0;0.36082474226804123;0.13402061855670103
244;0.15966386554621848;0.3319327731092437;0.0;0.0;0.0;0.0;0.41596638655462187;0.09243697478991597
245;0.2261904761904762;0.18452380952380953;0.1488095238095238;0.0;0.0;0.0;0.4166666666666667;0.023809523809523808
246;0.24719101123595505;0.23595505617977527;0.0;0.0;0.0;0.0;0.39325842696629215;0.12359550561797752
247;0.08483290488431877;0.2647814910025707;0.0;0.0;0.0;0.0;0.4755784061696658;0.17480719794344474
248;0.0;0.14775160599571735;0.0;0.0;0.0;0.26552462526766596;0.5160599571734475;0.07066381156316917
249;0.125;0.18478260869565216;0.1793478260869565;0.0;0.0;0.0;0.4945652173913043;0.016304347826086956
250;0.19074333800841514;0.2861150070126227;0.0;0.0;0.0;0.0;0.4642356241234222;0.05890603085553997
251;0.16830708661417323;0.16043307086614172;0.22145669291338582;0.0;0.0;0.0;0.42618110236220474;0.023622047244094488
252;0.20361990950226244;0.3212669683257919;0.0;0.0;0.0;0.0;0.4343891402714932;0.04072398190045249
253;0.12560386473429952;0.42028985507246375;0.0;0.0;0.0;0.0;0.3285024154589372;0.12560386473429952
254;0.10245901639344263;0.4959016393442623;0.0;0.0;0.0;0.0;0.35655737704918034;0.045081967213114756
255;0.25862068965517243;0.41379310344827586;0.0;0.0;0.0;0.0;0.25;0.07758620689655173
256;0.19230769230769232;0.23274161735700197;0.0;0.0;0.0;0.0;0.5029585798816568;0.07199211045364892
257;0.10882352941176471;0.3205882352941177;0.18823529411764706;0.0;0.0;0.0;0.36764705882352944;0.014705882352941176
258;0.29310344827586204;0.0;0.0;0.0;0.0;0.25862068965517243;0.35344827586206895;0.09482758620689655
259;0.167420814479638;0.14027149321266968;0.3393665158371041;0.0;0.0;0.0;0.3393665158371041;0.013574660633484163
260;0.2391304347826087;0.0;0.0;0.20652173913043478;0.0;0.0;0.41304347826086957;0.14130434782608695
261;0.238013698630137;0.3099315068493151;0.0;0.0;0.0;0.0;0.4143835616438356;0.03767123287671233
262;0.233502538071066;0.0;0.0;0.2131979695431472;0.0;0.0;0.4720812182741117;0.08121827411167512
263;0.19801980198019803;0.0;0.0;0.2761276127612761;0.0;0.0;0.43564356435643564;0.09020902090209021
264;0.17424242424242425;0.0;0.0;0.24393939393939393;0.0;0.0;0.4893939393939394;0.09242424242424242
265;0.2570093457943925;0.26635514018691586;0.0;0.0;0.0;0.0;0.40654205607476634;0.07009345794392523
266;0.17763157894736842;0.1513157894736842;0.2565789473684211;0.0;0.0;0.0;0.32894736842105265;0.08552631578947369
267;0.18003913894324852;0.1232876712328767;0.1898238747553816;0.0;0.0;0.0;0.4911937377690802;0.015655577299412915
268;0.1956521739130435;0.2670807453416149;0.0;0.0;0.0;0.0;0.4192546583850932;0.11801242236024845
269;0.24390243902439024;0.36585365853658536;0.0;0.0;0.0;0.0;0.36585365853658536;0.024390243902439025
270;0.15934065934065933;0.4340659340659341;0.0;0.0;0.0;0.0;0.3516483516483517;0.054945054945054944
271;0.09316770186335403;0.18012422360248448;0.296583850931677;0.0;0.0;0.0;0.40993788819875776;0.020186335403726708
272;0.08535031847133757;0.40764331210191085;0.0;0.0;0.0;0.0;0.4662420382165605;0.04076433121019108
273;0.11077389984825493;0.38543247344461307;0.0;0.0;0.0;0.0;0.456752655538695;0.04704097116843703
274;0.0;0.18427518427518427;0.0;0.0;0.0;0.32678132678132676;0.4152334152334152;0.07371007371007371
275;0.0;0.2893081761006289;0.0;0.0;0.0;0.24528301886792453;0.389937106918239;0.07547169811320754
276;0.14516129032258066;0.3709677419354839;0.0;0.0;0.0;0.0;0.43548387096774194;0.04838709677419355
277;0.18536585365853658;0.14634146341463414;0.22926829268292684;0.0;0.0;0.0;0.43414634146341463;0.004878048780487805
278;0.28502415458937197;0.19806763285024154;0.0;0.0;0.0;0.0;0.4492753623188406;0.06763285024154589
279;0.16012084592145015;0.33534743202416917;0.0;0.0;0.0;0.0;0.44108761329305135;0.0634441087613293
280;0.18336886993603413;0.302771855010661;0.0;0.0;0.0;0.0;0.4690831556503198;0.04477611940298507
281;0.0;0.19806763285024154;0.0;0.0;0.0;0.21739130434782608;0.5120772946859904;0.07246376811594203
282;0.12684365781710916;0.3893805309734513;0.13274336283185842;0.0;0.0;0.0;0.3215339233038348;0.029498525073746312
283;0.1728;0.3456;0.0;0.0;0.0;0.0;0.4544;0.0272
284;0.18309859154929578;0.29577464788732394;0.0;0.0;0.0;0.0;0.49295774647887325;0.028169014084507043
285;0.21100917431192662;0.27522935779816515;0.0;0.0;0.0;0.0;0.41743119266055045;0.0963302752293578
286;0.20212765957446807;0.3191489361702128;0.0;0.0;0.0;0.0;0.3670212765957447;0.11170212765957446
287;0.14687100893997446;0.26309067688378035;0.0;0.0;0.0;0.0;0.5236270753512133;0.06641123882503193
288;0.18181818181818182;0.2597402597402597;0.0;0.0;0.0;0.0;0.45454545454545453;0.1038961038961039
289;0.12345679012345678;0.30864197530864196;0.0;0.0;0.0;0.0;0.5308641975308642;0.037037037037037035
290;0.09549795361527967;0.0;0.0;0.2660300136425648;0.0;0.0;0.5306957708049114;0.1077762619372442
291;0.1784090909090909;0.0;0.0;0.26590909090909093;0.0;0.0;0.48068181818181815;0.075
292;0.12612612612612611;0.0;0.0;0.3003003003003003;0.0;0.0;0.48348348348348347;0.09009009009009009
293;0.14748953974895398;0.0;0.0;0.2813807531380753;0.0;0.0;0.4905857740585774;0.08054393305439331
294;0.15875;0.0;0.0;0.21625;0.0;0.0;0.5725;0.0525
295;0.13762486126526083;0.0;0.0;0.3029966703662597;0.0;0.0;0.48834628190899;0.07103218645948946
296;0.17564102564102563;0.0;0.0;0.27307692307692305;0.0;0.0;0.4576923076923077;0.09358974358974359
297;0.14872364039955605;0.0;0.0;0.20754716981132076;0.0;0.0;0.5837957824639289;0.05993340732519423
298;0.15247252747252749;0.0;0.0;0.24862637362637363;0.0;0.0;0.5302197802197802;0.06868131868131869
299;0.0;0.2613240418118467;0.0;0.0;0.0;0.17770034843205576;0.5052264808362369;0.05574912891986063
300;0.22897196261682243;0.2850467289719626;0.0;0.0;0.0;0.0;0.3644859813084112;0.12149532710280374
301;0.21235521235521235;0.2972972972972973;0.11583011583011583;0.0;0.0;0.0;0.3552123552123552;0.019305019305019305
302;0.15601503759398497;0.27631578947368424;0.0;0.0;0.0;0.0;0.5112781954887218;0.05639097744360902
303;0.029411764705882353;0.47058823529411764;0.0;0.0;0.0;0.0;0.2647058823529412;0.23529411764705882
304;0.1839080459770115;0.19540229885057472;0.0;0.0;0.0;0.0;0.5172413793103449;0.10344827586206896
305;0.1984126984126984;0.3373015873015873;0.0;0.0;0.0;0.0;0.4246031746031746;0.03968253968253968
306;0.0;0.23366336633663368;0.0;0.0;0.16930693069306932;0.0;0.5712871287128712;0.02574257425742574
307;0.0;0.27844311377245506;0.0;0.0;0.1781437125748503;0.0;0.5239520958083832;0.019461077844311378
308;0.0;0.296368989205103;0.0;0.0;0.1903827281648675;0.0;0.49067713444553485;0.022571148184494603
309;0.0;0.346393588601959;0.0;0.0;0.17809439002671415;0.0;0.45592163846838824;0.019590382902938557
310;0.0;0.3484848484848485;0.0;0.0;0.17424242424242425;0.0;0.45707070707070707;0.020202020202020204
311;0.0;0.27823691460055094;0.0;0.0;0.1763085399449036;0.0;0.5261707988980716;0.01928374655647383
312;0.0;0.32446043165467625;0.0;0.0;0.18057553956834532;0.0;0.47338129496402875;0.02158273381294964
313;0.0;0.328;0.0;0.0;0.2;0.0;0.456;0.016
314;0.10075187969924812;0.17142857142857143;0.2556390977443609;0.0;0.0;0.0;0.44661654135338347;0.02556390977443609
315;0.11695906432748537;0.19298245614035087;0.18128654970760233;0.0;0.0;0.0;0.4853801169590643;0.023391812865497075
316;0.0;0.22719141323792486;0.0;0.0;0.0;0.2182468694096601;0.5259391771019678;0.028622540250447227
317;0.0;0.23786407766990292;0.0;0.0;0.0;0.17766990291262136;0.5495145631067961;0.03495145631067961
318;0.0;0.3188248095756257;0.0;0.0;0.0;0.21109902067464636;0.4352557127312296;0.03482045701849837
319;0.0;0.2643805309734513;0.0;0.0;0.0;0.19358407079646017;0.5154867256637168;0.02654867256637168
320;0.0;0.25670945157526254;0.0;0.0;0.0;0.19019836639439908;0.5157526254375729;0.03733955659276546
321;0.0;0.19863013698630136;0.0;0.0;0.0;0.2054794520547945;0.5273972602739726;0.0684931506849315
322;0.17142857142857143;0.1742857142857143;0.24857142857142858;0.0;0.0;0.0;0.3657142857142857;0.04
323;0.16477272727272727;0.4659090909090909;0.0;0.0;0.0;0.0;0.33238636363636365;0.036931818181818184
324;0.22413793103448276;0.0;0.0;0.0;0.0;0.3232758620689655;0.38362068965517243;0.06896551724137931
325;0.11775362318840579;0.1956521739130435;0.18840579710144928;0.0;0.0;0.0;0.463768115942029;0.034420289855072464
326;0.1568627450980392;0.3093681917211329;0.0;0.0;0.0;0.0;0.49673202614379086;0.037037037037037035
327;0.1471861471861472;0.27705627705627706;0.0;0.0;0.0;0.0;0.4733044733044733;0.10245310245310245
328;0.1574468085106383;0.23120567375886525;0.0;0.0;0.0;0.0;0.5078014184397163;0.10354609929078014
329;0.13689700130378096;0.2438070404172099;0.0;0.0;0.0;0.0;0.5358539765319427;0.08344198174706649
330;0.1410071942446043;0.22446043165467625;0.0;0.0;0.0;0.0;0.520863309352518;0.11366906474820145
331;0.13927227101631118;0.2936010037641154;0.0;0.0;0.0;0.0;0.46675031367628605;0.10037641154328733
332;0.21975806451612903;0.0;0.0;0.0;0.0;0.33064516129032256;0.40725806451612906;0.04233870967741935
333;0.11888111888111888;0.17482517482517482;0.17482517482517482;0.0;0.0;0.0;0.5174825174825175;0.013986013986013986
334;0.25442477876106195;0.29867256637168144;0.0;0.0;0.0;0.0;0.4026548672566372;0.04424778761061947
335;0.11842105263157894;0.4144736842105263;0.0;0.0;0.0;0.0;0.4276315789473684;0.039473684210526314
336;0.16356107660455488;0.2795031055900621;0.0;0.0;0.0;0.0;0.4906832298136646;0.06625258799171843
337;0.1262135922330097;0.15857605177993528;0.23948220064724918;0.0;0.0;0.0;0.4368932038834951;0.038834951456310676
338;0.24358974358974358;0.08012820512820513;0.20512820512820512;0.0;0.0;0.0;0.44871794871794873;0.022435897435897436
339;0.22522522522522523;0.2747747747747748;0.0;0.0;0.0;0.0;0.43243243243243246;0.06756756756756757
340;0.17391304347826086;0.5652173913043478;0.0;0.0;0.0;0.0;0.2608695652173913;0.0
341;0.12848484848484848;0.37575757575757573;0.08727272727272728;0.0;0.0;0.0;0.3987878787878788;0.009696969696969697
342;0.10526315789473684;0.37236842105263157;0.075;0.0;0.0;0.0;0.42105263157894735;0.02631578947368421
343;0.14559386973180077;0.14942528735632185;0.21839080459770116;0.0;0.0;0.0;0.4444444444444444;0.0421455938697318
344;0.20952380952380953;0.2619047619047619;0.0;0.0;0.0;0.0;0.41904761904761906;0.10952380952380952
345;0.16510903426791276;0.3177570093457944;0.0;0.0;0.0;0.0;0.40498442367601245;0.11214953271028037
346;0.1323529411764706;0.4068627450980392;0.0;0.0;0.0;0.0;0.4068627450980392;0.05392156862745098
347;0.26519337016574585;0.0;0.0;0.0;0.0;0.27071823204419887;0.3756906077348066;0.08839779005524862
348;0.147239263803681;0.3558282208588957;0.130879345603272;0.0;0.0;0.0;0.35173824130879344;0.014314928425357873
349;0.3020408163265306;0.27346938775510204;0.0;0.0;0.0;0.0;0.34285714285714286;0.08163265306122448
350;0.1836734693877551;0.27721088435374147;0.0;0.0;0.0;0.0;0.47619047619047616;0.06292517006802721
351;0.1743119266055046;0.3440366972477064;0.0;0.0;0.0;0.0;0.44036697247706424;0.04128440366972477
352;0.1713796058269066;0.23050556983718937;0.12339331619537275;0.0;0.0;0.0;0.4601542416452442;0.01456726649528706
353;0.21727748691099477;0.21204188481675393;0.0;0.0;0.0;0.0;0.4712041884816754;0.09947643979057591
354;0.14393939393939395;0.25865800865800864;0.0;0.0;0.0;0.0;0.512987012987013;0.08441558441558442
355;0.21052631578947367;0.28421052631578947;0.0;0.0;0.0;0.0;0.43157894736842106;0.07368421052631578
356;0.17134831460674158;0.28651685393258425;0.0;0.0;0.0;0.0;0.4550561797752809;0.08707865168539326
357;0.18627450980392157;0.3137254901960784;0.0;0.0;0.0;0.0;0.46078431372549017;0.0392156862745098
358;0.16083916083916083;0.1888111888111888;0.21678321678321677;0.0;0.0;0.0;0.4195804195804196;0.013986013986013986
359;0.1619718309859155;0.16725352112676056;0.198943661971831;0.0;0.0;0.0;0.44190140845070425;0.02992957746478873
360;0.11358024691358025;0.28888888888888886;0.17037037037037037;0.0;0.0;0.0;0.41358024691358025;0.013580246913580247
361;0.0979020979020979;0.48951048951048953;0.09090909090909091;0.0;0.0;0.0;0.3076923076923077;0.013986013986013986
362;0.17391304347826086;0.391304347826087;0.2028985507246377;0.0;0.0;0.0;0.18840579710144928;0.043478260869565216
363;0.20436681222707423;0.24890829694323144;0.0;0.0;0.0;0.0;0.4812227074235808;0.06550218340611354
364;0.2047872340425532;0.26595744680851063;0.0;0.0;0.0;0.0;0.4592198581560284;0.0700354609929078
365;0.19160104986876642;0.1942257217847769;0.16535433070866143;0.0;0.0;0.0;0.4304461942257218;0.01837270341207349
366;0.0;0.34375;0.0;0.0;0.0;0.15625;0.34375;0.15625
367;0.16715542521994134;0.41055718475073316;0.0;0.0;0.0;0.0;0.3724340175953079;0.04985337243401759
368;0.15344603381014305;0.18985695708712613;0.18075422626788037;0.0;0.0;0.0;0.45513654096228867;0.02080624187256177
369;0.1720647773279352;0.17408906882591094;0.22064777327935223;0.0;0.0;0.0;0.4149797570850202;0.018218623481781375
370;0.20186335403726707;0.32919254658385094;0.0;0.0;0.0;0.0;0.41304347826086957;0.055900621118012424
371;0.19090909090909092;0.25757575757575757;0.11818181818181818;0.0;0.0;0.0;0.42424242424242425;0.00909090909090909
372;0.16363636363636364;0.36363636363636365;0.0;0.0;0.0;0.0;0.41818181818181815;0.05454545454545454
373;0.08;0.4;0.18;0.0;0.0;0.0;0.32;0.02
374;0.2773972602739726;0.2602739726027397;0.0;0.0;0.0;0.0;0.3972602739726027;0.06506849315068493
375;0.17201166180758018;0.29737609329446063;0.0;0.0;0.0;0.0;0.43731778425655976;0.09329446064139942
376;0.1854043392504931;0.2504930966469428;0.0;0.0;0.0;0.0;0.514792899408284;0.04930966469428008
377;0.0;0.26170798898071623;0.0;0.0;0.0;0.174931129476584;0.5137741046831956;0.049586776859504134
378;0.16602316602316602;0.16988416988416988;0.28957528957528955;0.0;0.0;0.0;0.3552123552123552;0.019305019305019305
379;0.13186813186813187;0.11172161172161173;0.38461538461538464;0.0;0.0;0.0;0.3626373626373626;0.009157509157509158
380;0.1337099811676083;0.2617702448210923;0.11864406779661017;0.0;0.0;0.0;0.4576271186440678;0.02824858757062147
381;0.17073170731707318;0.17479674796747968;0.25203252032520324;0.0;0.0;0.0;0.3780487804878049;0.024390243902439025
382;0.26229508196721313;0.3114754098360656;0.04918032786885246;0.0;0.0;0.0;0.36065573770491804;0.01639344262295082
383;0.21492537313432836;0.3492537313432836;0.0;0.0;0.0;0.0;0.3582089552238806;0.07761194029850746
384;0.15770609318996415;0.2114695340501792;0.12544802867383512;0.0;0.0;0.0;0.4910394265232975;0.014336917562724014
385;0.2754237288135593;0.0;0.0;0.0;0.0;0.336864406779661;0.3474576271186441;0.04025423728813559
386;0.2328767123287671;0.2054794520547945;0.0821917808219178;0.0;0.0;0.0;0.3698630136986301;0.1095890410958904
387;0.13194444444444445;0.057291666666666664;0.3229166666666667;0.0;0.0;0.0;0.4756944444444444;0.012152777777777778
388;0.23880597014925373;0.43656716417910446;0.0;0.0;0.0;0.0;0.2835820895522388;0.041044776119402986
389;0.14423076923076922;0.3472222222222222;0.0;0.0;0.0;0.0;0.42948717948717946;0.07905982905982906
390;0.12885906040268458;0.3087248322147651;0.0;0.0;0.0;0.0;0.48053691275167787;0.08187919463087248
391;0.12178619756427606;0.31393775372124494;0.0;0.0;0.0;0.0;0.46414073071718537;0.10013531799729364
392;0.1562867215041128;0.28319623971797886;0.0;0.0;0.0;0.0;0.4935370152761457;0.06698002350176263
393;0.2268041237113402;0.23024054982817868;0.0;0.0;0.0;0.0;0.45017182130584193;0.09278350515463918
394;0.1680960548885077;0.23499142367066894;0.1646655231560892;0.0;0.0;0.0;0.411663807890223;0.02058319039451115
395;0.18214285714285713;0.22857142857142856;0.0;0.0;0.0;0.0;0.5214285714285715;0.06785714285714285
396;0.15856031128404668;0.1877431906614786;0.16536964980544747;0.0;0.0;0.0;0.4717898832684825;0.016536964980544747
397;0.12608695652173912;0.26304347826086955;0.1826086956521739;0.0;0.0;0.0;0.4043478260869565;0.02391304347826087
398;0.17592592592592593;0.31635802469135804;0.0;0.0;0.0;0.0;0.44135802469135804;0.06635802469135803
399;0.08791208791208792;0.46886446886446886;0.06227106227106227;0.0;0.0;0.0;0.3663003663003663;0.014652014652014652
400;0.29133858267716534;0.23622047244094488;0.0;0.0;0.0;0.0;0.3937007874015748;0.07874015748031496
401;0.19424460431654678;0.381294964028777;0.0;0.0;0.0;0.0;0.3381294964028777;0.08633093525179857
402;0.1794871794871795;0.3333333333333333;0.0;0.0;0.0;0.0;0.46153846153846156;0.02564102564102564
403;0.19444444444444445;0.31313131313131315;0.0;0.0;0.0;0.0;0.43686868686868685;0.05555555555555555
404;0.1696;0.0;0.0;0.0;0.0;0.216;0.5824;0.032
405;0.16507936507936508;0.0;0.0;0.0;0.0;0.22380952380952382;0.5523809523809524;0.05873015873015873
406;0.17420814479638008;0.0;0.0;0.0;0.0;0.2680995475113122;0.5169683257918553;0.04072398190045249
407;0.17671232876712328;0.0;0.0;0.0;0.0;0.21643835616438356;0.5726027397260274;0.03424657534246575
408;0.2105978260869565;0.0;0.0;0.0;0.0;0.2798913043478261;0.452445652173913;0.057065217391304345
409;0.19680851063829788;0.0;0.0;0.0;0.0;0.2872340425531915;0.48404255319148937;0.031914893617021274
410;0.15701415701415702;0.0;0.0;0.0;0.0;0.2574002574002574;0.5148005148005148;0.07078507078507079
411;0.173841059602649;0.0;0.0;0.0;0.0;0.21026490066225165;0.5612582781456954;0.054635761589403975
412;0.14697802197802198;0.0;0.0;0.0;0.0;0.27884615384615385;0.5151098901098901;0.059065934065934064
413;0.1564102564102564;0.0;0.0;0.0;0.0;0.32051282051282054;0.46153846153846156;0.06153846153846154
414;0.2011904761904762;0.0;0.0;0.0;0.0;0.22976190476190475;0.5166666666666667;0.05238095238095238
415;0.2202753441802253;0.0;0.0;0.0;0.0;0.2390488110137672;0.4755944931163955;0.06508135168961202
416;0.21283783783783783;0.0;0.0;0.0;0.0;0.16216216216216217;0.5878378378378378;0.037162162162162164
417;0.20655737704918034;0.0;0.0;0.0;0.0;0.25081967213114753;0.4885245901639344;0.054098360655737705
418;0.08744394618834081;0.0;0.0;0.0;0.0;0.3183856502242152;0.5582959641255605;0.03587443946188341
419;0.16125290023201855;0.0;0.0;0.0;0.0;0.2505800464037123;0.5522041763341067;0.03596287703016241
420;0.15917602996254682;0.0;0.0;0.0;0.0;0.24157303370786518;0.5243445692883895;0.0749063670411985
421;0.1255539143279173;0.0;0.0;0.0;0.0;0.28508124076809455;0.5612998522895125;0.028064992614475627
422;0.11985688729874776;0.0;0.0;0.0;0.0;0.26654740608228983;0.5778175313059034;0.03577817531305903
423;0.19472913616398244;0.0;0.0;0.0;0.0;0.23718887262079064;0.5300146412884333;0.03806734992679356
424;0.2196969696969697;0.0;0.0;0.0;0.0;0.3042929292929293;0.43813131313131315;0.03787878787878788
425;0.10754017305315204;0.0;0.0;0.0;0.0;0.411619283065513;0.446229913473424;0.034610630407911
426;0.1844532279314888;0.0;0.0;0.0;0.0;0.2938076416337286;0.45454545454545453;0.06719367588932806
427;0.16666666666666666;0.0;0.0;0.0;0.0;0.14957264957264957;0.6324786324786325;0.05128205128205128
428;0.13444108761329304;0.0;0.0;0.0;0.0;0.297583081570997;0.5453172205438066;0.022658610271903322
429;0.14253897550111358;0.0;0.0;0.0;0.0;0.2661469933184855;0.5456570155902004;0.045657015590200446
430;0.14064362336114422;0.0;0.0;0.0;0.0;0.27771156138259834;0.5494636471990465;0.03218116805721097
431;0.1392857142857143;0.21785714285714286;0.175;0.0;0.0;0.0;0.44285714285714284;0.025
432;0.13101604278074866;0.2553475935828877;0.1163101604278075;0.0;0.0;0.0;0.4839572192513369;0.013368983957219251
433;0.20457604306864063;0.22072678331090176;0.1224764468371467;0.0;0.0;0.0;0.43337819650067294;0.018842530282637954
434;0.1382488479262673;0.1728110599078341;0.2834101382488479;0.0;0.0;0.0;0.3686635944700461;0.03686635944700461
435;0.175;0.2;0.0;0.0;0.0;0.0;0.5375;0.0875
436;0.12921348314606743;0.11797752808988764;0.3707865168539326;0.0;0.0;0.0;0.3651685393258427;0.016853932584269662
437;0.0;0.24477611940298508;0.0;0.0;0.0;0.21194029850746268;0.5074626865671642;0.03582089552238806
438;0.14447592067988668;0.1643059490084986;0.35127478753541075;0.0;0.0;0.0;0.31728045325779036;0.0226628895184136
439;0.17669172932330826;0.2781954887218045;0.12406015037593984;0.0;0.0;0.0;0.38721804511278196;0.03383458646616541
440;0.13440860215053763;0.3387096774193548;0.0;0.0;0.0;0.0;0.44623655913978494;0.08064516129032258
441;0.17737789203084833;0.17994858611825193;0.2416452442159383;0.0;0.0;0.0;0.390745501285347;0.010282776349614395
442;0.18229166666666666;0.1953125;0.14583333333333334;0.0;0.0;0.0;0.453125;0.0234375
