CODDPT;CODCAN;CODSUBCOM;CODBURVOT;NBRINS;%VOTANTS;%EXPRIMES;%NULBLANCS;%ABSTENTIONS;BC-DLF;BC-DVD;BC-DVG;BC-FG;BC-FN;BC-SOC;BC-UC;BC-UD;BC-UDI;BC-UG;BC-UMP
18;15;1;0001;300;0.49333333333333335;0.48333333333333334;0.01;0.5066666666666667;0.0;0.0;0.0;0.09333333333333334;0.36333333333333334;0.15666666666666668;0.0;0.82;0.0;0.0;0.0
18;8;2;0001;155;0.5483870967741935;0.5096774193548387;0.03870967741935484;0.45161290322580644;0.0;0.0;0.0;0.23225806451612904;0.8516129032258064;0.32903225806451614;0.0;1.761290322580645;0.0;0.0;0.0
18;14;3;0001;1323;0.546485260770975;0.5170068027210885;0.02947845804988662;0.45351473922902497;0.0;0.0;0.0;0.027966742252456538;0.0854119425547997;0.02947845804988662;0.0;0.14890400604686319;0.0;0.0;0.0
18;15;4;0001;801;0.4794007490636704;0.45318352059925093;0.026217228464419477;0.5205992509363296;0.0;0.0;0.0;0.06367041198501873;0.16604244694132334;0.0449438202247191;0.0;0.2596754057428215;0.0;0.0;0.0
18;11;5;0001;744;0.4879032258064516;0.45161290322580644;0.036290322580645164;0.5120967741935484;0.0;0.0;0.0;0.11021505376344086;0.18413978494623656;0.08198924731182795;0.0;0.3709677419354839;0.0;0.0;0.0
18;17;6;0001;213;0.5023474178403756;0.48826291079812206;0.014084507042253521;0.49765258215962443;0.0;0.0;0.0;0.2300469483568075;0.5070422535211268;0.20187793427230047;0.0;1.1502347417840375;0.0;0.0;0.0
18;10;7;0001;72;0.5277777777777778;0.5138888888888888;0.013888888888888888;0.4722222222222222;0.0;0.0;0.0;0.8055555555555556;1.5416666666666667;0.5694444444444444;0.0;2.4722222222222223;0.0;0.0;0.0
18;17;8;0001;361;0.5041551246537396;0.4515235457063712;0.05263157894736842;0.49584487534626037;0.0;0.0;0.0;0.11080332409972299;0.48753462603878117;0.18282548476454294;0.0;0.5013850415512465;0.0;0.0;0.0
18;8;9;0001;239;0.5271966527196653;0.5146443514644351;0.012552301255230125;0.47280334728033474;0.0;0.0;0.0;0.1087866108786611;0.5564853556485355;0.19665271966527198;0.0;0.9832635983263598;0.0;0.0;0.0
18;8;10;0001;163;0.6012269938650306;0.5705521472392638;0.03067484662576687;0.3987730061349693;0.0;0.0;0.0;0.20245398773006135;0.558282208588957;0.17177914110429449;0.0;0.7300613496932515;0.0;0.0;0.0
18;1;11;0001;841;0.525564803804994;0.5112960760998811;0.014268727705112961;0.47443519619500596;0.0;0.0;0.0;0.0178359096313912;0.15219976218787157;0.04637336504161712;0.0;0.14863258026159334;0.0;0.0;0.0
18;1;11;0002;933;0.5401929260450161;0.5273311897106109;0.012861736334405145;0.45980707395498394;0.0;0.0;0.0;0.00857449088960343;0.04287245444801715;0.011789924973204717;0.0;0.06216505894962487;0.0;0.0;0.0
18;2;12;0001;352;0.48011363636363635;0.4602272727272727;0.019886363636363636;0.5198863636363636;0.0;0.0;0.0;0.13636363636363635;0.2556818181818182;0.05113636363636364;0.0;0.3494318181818182;0.0;0.0;0.0
18;9;13;0001;263;0.4448669201520912;0.4220532319391635;0.022813688212927757;0.5551330798479087;0.0;0.0;0.0;0.03802281368821293;0.1596958174904943;0.030418250950570342;0.0;0.18631178707224336;0.0;0.0;0.0
18;16;14;0001;153;0.5359477124183006;0.5294117647058824;0.006535947712418301;0.46405228758169936;0.0;0.0;0.0;0.26143790849673204;0.3790849673202614;0.2549019607843137;0.0;0.6535947712418301;0.0;0.0;0.0
18;1;15;0001;835;0.48263473053892214;0.4622754491017964;0.02035928143712575;0.5173652694610779;0.0;0.0;0.0;0.045508982035928146;0.1473053892215569;0.06706586826347305;0.0;0.18922155688622755;0.0;0.0;0.0
18;1;15;0002;846;0.5295508274231678;0.5059101654846335;0.02364066193853428;0.47044917257683216;0.0;0.0;0.0;0.09810874704491726;0.23167848699763594;0.0591016548463357;0.0;0.19030732860520094;0.0;0.0;0.0
18;1;15;0003;929;0.6243272335844995;0.5984930032292788;0.02583423035522067;0.3756727664155005;0.0;0.0;0.0;0.01829924650161464;0.12486544671689989;0.03767491926803014;0.0;0.15285252960172227;0.0;0.0;0.0
18;1;15;0004;849;0.5488810365135454;0.5241460541813898;0.024734982332155476;0.45111896348645464;0.0;0.0;0.0;0.01060070671378092;0.05771495877502945;0.0176678445229682;0.0;0.0447585394581861;0.0;0.0;0.0
18;1;15;0005;767;0.5436766623207301;0.5058670143415906;0.03780964797913951;0.45632333767926986;0.0;0.0;0.0;0.001303780964797914;0.03911342894393742;0.018252933507170794;0.0;0.09126466753585398;0.0;0.0;0.0
18;14;16;0001;276;0.4528985507246377;0.427536231884058;0.025362318840579712;0.5471014492753623;0.0;0.0;0.08695652173913043;0.0;0.21739130434782608;0.17391304347826086;0.0;0.10869565217391304;0.0;0.0;0.0
18;9;17;0001;237;0.6497890295358649;0.6286919831223629;0.02109704641350211;0.350210970464135;0.0;0.0;0.17721518987341772;0.0;1.0506329113924051;0.9746835443037974;0.0;0.6708860759493671;0.0;0.0;0.0
18;2;18;0001;1397;0.5118110236220472;0.4874731567644954;0.024337866857551897;0.4881889763779528;0.0;0.0;0.015032211882605583;0.0;0.09448818897637795;0.1474588403722262;0.0;0.18110236220472442;0.0;0.0;0.0
18;14;19;0001;360;0.5527777777777778;0.5416666666666666;0.011111111111111112;0.44722222222222224;0.0;0.0;0.2777777777777778;0.0;0.24722222222222223;0.09722222222222222;0.0;0.08333333333333333;0.0;0.0;0.0
18;16;20;0001;671;0.5603576751117735;0.5365126676602087;0.02384500745156483;0.4396423248882265;0.0;0.0;0.07898658718330849;0.0;0.13859910581222057;0.11922503725782414;0.0;0.07153502235469449;0.0;0.0;0.0
18;9;21;0001;218;0.6697247706422018;0.6192660550458715;0.05045871559633028;0.3302752293577982;0.0;0.0;0.18807339449541285;0.0;0.39908256880733944;0.1834862385321101;0.0;0.2706422018348624;0.0;0.0;0.0
18;16;22;0001;303;0.6171617161716172;0.6072607260726073;0.009900990099009901;0.38283828382838286;0.0;0.0;0.0429042904290429;0.0;0.10231023102310231;0.10561056105610561;0.0;0.1551155115511551;0.0;0.0;0.0
18;2;23;0001;1019;0.6104023552502453;0.6005888125613347;0.009813542688910697;0.38959764474975467;0.0;0.0;0.014720314033366046;0.0;0.042198233562315994;0.042198233562315994;0.0;0.014720314033366046;0.0;0.0;0.0
18;8;24;0001;85;0.7294117647058823;0.6823529411764706;0.047058823529411764;0.27058823529411763;0.0;0.0;0.058823529411764705;0.0;0.10588235294117647;0.18823529411764706;0.0;0.10588235294117647;0.0;0.0;0.0
18;2;25;0001;522;0.5057471264367817;0.48659003831417624;0.019157088122605363;0.4942528735632184;0.0;0.0;0.0210727969348659;0.0;0.09578544061302682;0.11302681992337164;0.0;0.05747126436781609;0.0;0.0;0.0
18;16;26;0001;721;0.565880721220527;0.5395284327323162;0.026352288488210817;0.43411927877947293;0.0;0.0;0.023578363384188627;0.0;0.08044382801664356;0.05131761442441054;0.0;0.04299583911234397;0.0;0.0;0.0
18;2;27;0001;455;0.6285714285714286;0.6021978021978022;0.026373626373626374;0.37142857142857144;0.0;0.0;0.02197802197802198;0.0;0.10329670329670329;0.09230769230769231;0.0;0.1076923076923077;0.0;0.0;0.0
18;11;28;0001;857;0.4865810968494749;0.4597432905484247;0.026837806301050177;0.5134189031505251;0.0;0.0;0.011668611435239206;0.0;0.10385064177362893;0.1691948658109685;0.0;0.10268378063010501;0.0;0.0;0.0
18;9;29;0001;268;0.5447761194029851;0.4962686567164179;0.048507462686567165;0.4552238805970149;0.0;0.0;0.011194029850746268;0.0;0.10074626865671642;0.07835820895522388;0.0;0.13805970149253732;0.0;0.0;0.0
18;1;30;0001;944;0.524364406779661;0.4904661016949153;0.03389830508474576;0.475635593220339;0.0;0.0;0.00423728813559322;0.0;0.023305084745762712;0.00847457627118644;0.0;0.022245762711864406;0.0;0.0;0.0
18;10;31;0001;442;0.5316742081447964;0.48868778280542985;0.042986425339366516;0.4683257918552036;0.0;0.0;0.029411764705882353;0.0;0.12217194570135746;0.06561085972850679;0.0;0.10633484162895927;0.0;0.0;0.0
18;16;32;0001;1117;0.5308863025962399;0.5111906893464637;0.019695613249776187;0.4691136974037601;0.0;0.0;0.004476275738585497;0.0;0.01342882721575649;0.01521933751119069;0.0;0.024171888988361683;0.0;0.0;0.0
18;6;33;0001;696;0.47270114942528735;0.4353448275862069;0.03735632183908046;0.5272988505747126;0.0;0.0;0.08045977011494253;0.0;0.17959770114942528;0.125;0.0;0.15517241379310345;0.0;0.0;0.0
18;6;33;0002;708;0.4774011299435028;0.4364406779661017;0.04096045197740113;0.5225988700564972;0.0;0.0;0.009887005649717515;0.0;0.031073446327683617;0.031073446327683617;0.0;0.01977401129943503;0.0;0.0;0.0
18;6;33;0003;667;0.4332833583208396;0.38980509745127434;0.043478260869565216;0.5667166416791605;0.0;0.0;0.02848575712143928;0.0;0.11094452773613193;0.07796101949025487;0.0;0.047976011994003;0.0;0.0;0.0
18;5;33;0004;814;0.48157248157248156;0.44226044226044225;0.03931203931203931;0.5184275184275184;0.0;0.0;0.007371007371007371;0.0;0.052825552825552825;0.033169533169533166;0.0;0.020884520884520884;0.0;0.0;0.0
18;5;33;0005;790;0.4582278481012658;0.4253164556962025;0.03291139240506329;0.5417721518987342;0.0;0.0;0.002531645569620253;0.0;0.002531645569620253;0.010126582278481013;0.0;0.020253164556962026;0.0;0.0;0.0
18;5;33;0006;782;0.44884910485933505;0.4194373401534527;0.029411764705882353;0.551150895140665;0.0;0.0;0.00639386189258312;0.0;0.023017902813299233;0.02557544757033248;0.0;0.05115089514066496;0.0;0.0;0.0
18;5;33;0007;789;0.40430925221799746;0.35994930291508237;0.044359949302915085;0.5956907477820025;0.0;0.0;0.11280101394169835;0.0;0.14068441064638784;0.044359949302915085;0.0;0.036755386565272496;0.0;0.0;0.0
18;5;33;0008;785;0.47770700636942676;0.4318471337579618;0.045859872611464965;0.5222929936305732;0.0;0.0;0.04076433121019108;0.0;0.09171974522292993;0.09044585987261146;0.0;0.11464968152866242;0.0;0.0;0.0
18;6;33;0009;740;0.37567567567567567;0.3216216216216216;0.05405405405405406;0.6243243243243243;0.0;0.0;0.016216216216216217;0.0;0.04594594594594595;0.07027027027027027;0.0;0.12702702702702703;0.0;0.0;0.0
18;6;33;0010;643;0.49300155520995337;0.4463452566096423;0.04665629860031104;0.5069984447900466;0.0;0.0;0.024883359253499222;0.0;0.038880248833592534;0.03421461897356143;0.0;0.029548989113530325;0.0;0.0;0.0
18;6;33;0011;696;0.4956896551724138;0.4353448275862069;0.0603448275862069;0.5043103448275862;0.0;0.0;0.020114942528735632;0.0;0.05747126436781609;0.04454022988505747;0.0;0.03879310344827586;0.0;0.0;0.0
18;6;33;0012;588;0.43537414965986393;0.3758503401360544;0.05952380952380952;0.564625850340136;0.0;0.0;0.05442176870748299;0.0;0.10714285714285714;0.05952380952380952;0.0;0.04081632653061224;0.0;0.0;0.0
18;6;33;0013;100;0.5;0.43;0.07;0.5;0.0;0.0;0.13;0.0;0.47;0.36;0.0;0.32;0.0;0.0;0.0
18;6;33;0014;654;0.43730886850152906;0.3929663608562691;0.04434250764525994;0.5626911314984709;0.0;0.0;0.00764525993883792;0.0;0.03669724770642202;0.045871559633027525;0.0;0.03058103975535168;0.0;0.0;0.0
18;6;33;0015;654;0.42507645259938837;0.3837920489296636;0.04128440366972477;0.5749235474006116;0.0;0.0;0.03363914373088685;0.0;0.14067278287461774;0.12844036697247707;0.0;0.13761467889908258;0.0;0.0;0.0
18;6;33;0016;585;0.4666666666666667;0.42735042735042733;0.039316239316239315;0.5333333333333333;0.0;0.0;0.035897435897435895;0.0;0.14871794871794872;0.15384615384615385;0.0;0.11282051282051282;0.0;0.0;0.0
18;6;33;0017;691;0.49493487698986977;0.4356005788712012;0.059334298118668596;0.5050651230101303;0.0;0.0;0.005788712011577424;0.0;0.005788712011577424;0.005788712011577424;0.0;0.024602026049204053;0.0;0.0;0.0
18;6;33;0018;622;0.49356913183279744;0.42443729903536975;0.06913183279742766;0.5064308681672026;0.0;0.0;0.04019292604501608;0.0;0.09807073954983923;0.15755627009646303;0.0;0.10932475884244373;0.0;0.0;0.0
18;6;33;0019;671;0.488822652757079;0.4143070044709389;0.07451564828614009;0.511177347242921;0.0;0.0;0.022354694485842028;0.0;0.08196721311475409;0.16393442622950818;0.0;0.07302533532041729;0.0;0.0;0.0
18;3;33;0020;761;0.47174770039421815;0.4336399474375821;0.03810775295663601;0.5282522996057819;0.0;0.0;0.023653088042049936;0.0;0.10906701708278581;0.09592641261498029;0.0;0.06964520367936924;0.0;0.0;0.0
18;3;33;0021;771;0.46303501945525294;0.4345006485084306;0.028534370946822308;0.5369649805447471;0.0;0.0;0.07003891050583658;0.0;0.11284046692607004;0.1582360570687419;0.0;0.08690012970168612;0.0;0.0;0.0
18;3;33;0022;760;0.26842105263157895;0.24736842105263157;0.021052631578947368;0.7315789473684211;0.0;0.0;0.05921052631578947;0.0;0.09605263157894736;0.14210526315789473;0.0;0.14342105263157895;0.0;0.0;0.0
18;3;33;0023;763;0.4416775884665793;0.40498034076015726;0.03669724770642202;0.5583224115334207;0.0;0.0;0.03800786369593709;0.0;0.06946264744429882;0.09698558322411534;0.0;0.04193971166448231;0.0;0.0;0.0
18;3;33;0024;766;0.5104438642297651;0.4725848563968668;0.037859007832898174;0.489556135770235;0.0;0.0;0.05483028720626632;0.0;0.09007832898172324;0.16057441253263707;0.0;0.097911227154047;0.0;0.0;0.0
18;3;33;0025;792;0.5202020202020202;0.4797979797979798;0.04040404040404041;0.4797979797979798;0.0;0.0;0.06565656565656566;0.0;0.10479797979797979;0.1755050505050505;0.0;0.1111111111111111;0.0;0.0;0.0
18;3;33;0026;686;0.47230320699708456;0.44169096209912534;0.030612244897959183;0.5276967930029155;0.0;0.0;0.04664723032069971;0.0;0.1326530612244898;0.17346938775510204;0.0;0.20116618075801748;0.0;0.0;0.0
18;3;33;0027;754;0.473474801061008;0.4482758620689655;0.025198938992042442;0.5265251989389921;0.0;0.0;0.0649867374005305;0.0;0.07692307692307693;0.13527851458885942;0.0;0.1246684350132626;0.0;0.0;0.0
18;3;33;0028;756;0.5026455026455027;0.4603174603174603;0.042328042328042326;0.4973544973544973;0.0;0.0;0.06084656084656084;0.0;0.07936507936507936;0.1402116402116402;0.0;0.16666666666666666;0.0;0.0;0.0
18;3;33;0029;765;0.4849673202614379;0.44575163398692813;0.0392156862745098;0.515032679738562;0.0;0.0;0.0784313725490196;0.0;0.06405228758169934;0.18823529411764706;0.0;0.12418300653594772;0.0;0.0;0.0
18;3;33;0030;831;0.4452466907340554;0.41636582430806257;0.02888086642599278;0.5547533092659447;0.0;0.0;0.07581227436823104;0.0;0.07701564380264742;0.15403128760529483;0.0;0.10348977135980746;0.0;0.0;0.0
18;3;33;0031;632;0.5253164556962026;0.49841772151898733;0.02689873417721519;0.47468354430379744;0.0;0.0;0.08227848101265822;0.0;0.15031645569620253;0.17405063291139242;0.0;0.14082278481012658;0.0;0.0;0.0
18;3;33;0032;638;0.5094043887147336;0.49059561128526646;0.018808777429467086;0.49059561128526646;0.0;0.0;0.05956112852664577;0.0;0.09717868338557993;0.1677115987460815;0.0;0.16927899686520376;0.0;0.0;0.0
18;3;33;0033;708;0.3983050847457627;0.3615819209039548;0.03672316384180791;0.6016949152542372;0.0;0.0;0.05790960451977401;0.0;0.1172316384180791;0.12429378531073447;0.0;0.1426553672316384;0.0;0.0;0.0
18;6;33;0034;639;0.4522691705790297;0.40688575899843504;0.04538341158059468;0.5477308294209703;0.0;0.0;0.056338028169014086;0.0;0.12363067292644757;0.1189358372456964;0.0;0.10172143974960876;0.0;0.0;0.0
18;6;33;0035;481;0.46153846153846156;0.4095634095634096;0.05197505197505198;0.5384615384615384;0.0;0.0;0.08316008316008316;0.0;0.1683991683991684;0.1995841995841996;0.0;0.18295218295218296;0.0;0.0;0.0
18;6;33;0036;458;0.4148471615720524;0.36026200873362446;0.05458515283842795;0.5851528384279476;0.0;0.0;0.11135371179039301;0.0;0.13755458515283842;0.29475982532751094;0.0;0.27729257641921395;0.0;0.0;0.0
18;3;33;0037;690;0.4971014492753623;0.4420289855072464;0.05507246376811594;0.5028985507246376;0.0;0.0;0.09565217391304348;0.0;0.06956521739130435;0.1463768115942029;0.0;0.15072463768115943;0.0;0.0;0.0
18;3;33;0038;693;0.5786435786435786;0.5425685425685426;0.03607503607503607;0.4213564213564214;0.0;0.06060606060606061;0.0;0.07647907647907648;0.0;0.12121212121212122;0.0;0.07503607503607504;0.0;0.0;0.0
18;3;33;0039;710;0.4943661971830986;0.44929577464788734;0.04507042253521127;0.5056338028169014;0.0;0.05070422535211268;0.0;0.08169014084507042;0.0;0.1267605633802817;0.0;0.04647887323943662;0.0;0.0;0.0
18;6;33;0040;751;0.4380825565912117;0.3954727030625832;0.0426098535286285;0.5619174434087882;0.0;0.0492676431424767;0.0;0.07190412782956059;0.0;0.1411451398135819;0.0;0.12250332889480692;0.0;0.0;0.0
18;6;33;0041;754;0.4230769230769231;0.383289124668435;0.03978779840848806;0.5769230769230769;0.0;0.038461538461538464;0.0;0.07161803713527852;0.0;0.1286472148541114;0.0;0.05305039787798409;0.0;0.0;0.0
18;4;33;0042;651;0.39631336405529954;0.3548387096774194;0.041474654377880185;0.6036866359447005;0.0;0.053763440860215055;0.0;0.06912442396313365;0.0;0.1228878648233487;0.0;0.14285714285714285;0.0;0.0;0.0
18;4;33;0043;593;0.40134907251264756;0.36593591905564926;0.03541315345699832;0.5986509274873525;0.0;0.07588532883642496;0.0;0.08263069139966273;0.0;0.18381112984822934;0.0;0.20741989881956155;0.0;0.0;0.0
18;4;33;0044;713;0.46984572230014027;0.4053295932678822;0.06451612903225806;0.5301542776998598;0.0;0.07433380084151472;0.0;0.06451612903225806;0.0;0.11921458625525946;0.0;0.13604488078541374;0.0;0.0;0.0
18;4;33;0045;675;0.3718518518518519;0.32592592592592595;0.045925925925925926;0.6281481481481481;0.0;0.047407407407407405;0.0;0.05925925925925926;0.0;0.11259259259259259;0.0;0.08;0.0;0.0;0.0
18;4;33;0046;678;0.42330383480825956;0.37315634218289084;0.05014749262536873;0.5766961651917404;0.0;0.05752212389380531;0.0;0.06784660766961652;0.0;0.10766961651917405;0.0;0.08849557522123894;0.0;0.0;0.0
18;4;33;0047;723;0.4827109266943292;0.4508990318118949;0.0318118948824343;0.5172890733056709;0.0;0.04426002766251729;0.0;0.12448132780082988;0.0;0.0636237897648686;0.0;0.06639004149377593;0.0;0.0;0.0
18;4;33;0048;726;0.4228650137741047;0.38705234159779617;0.03581267217630854;0.5771349862258953;0.0;0.03994490358126722;0.0;0.15977961432506887;0.0;0.06473829201101929;0.0;0.048209366391184574;0.0;0.0;0.0
18;4;33;0049;682;0.34017595307917886;0.2961876832844575;0.04398826979472141;0.6598240469208211;0.0;0.07624633431085044;0.0;0.07624633431085044;0.0;0.10410557184750734;0.0;0.12903225806451613;0.0;0.0;0.0
18;4;33;0050;683;0.36749633967789164;0.3191800878477306;0.048316251830161056;0.6325036603221084;0.0;0.09077598828696926;0.0;0.10102489019033675;0.0;0.12005856515373353;0.0;0.09077598828696926;0.0;0.0;0.0
18;5;33;0051;812;0.43842364532019706;0.41625615763546797;0.022167487684729065;0.5615763546798029;0.0;0.06896551724137931;0.0;0.11083743842364532;0.0;0.07881773399014778;0.0;0.08497536945812807;0.0;0.0;0.0
18;5;33;0052;824;0.3434466019417476;0.3191747572815534;0.024271844660194174;0.6565533980582524;0.0;0.055825242718446605;0.0;0.12014563106796117;0.0;0.08616504854368932;0.0;0.05461165048543689;0.0;0.0;0.0
18;5;33;0053;814;0.2628992628992629;0.23464373464373464;0.028255528255528257;0.7371007371007371;0.0;0.0;0.0;0.060196560196560195;0.05528255528255528;0.14742014742014742;0.0;0.17936117936117937;0.0;0.0;0.0
18;5;33;0054;811;0.4093711467324291;0.36991368680641185;0.03945745992601726;0.5906288532675709;0.0;0.0;0.0;0.05795314426633785;0.11097410604192355;0.11344019728729964;0.0;0.1319358816276202;0.0;0.0;0.0
18;5;33;0055;819;0.5286935286935287;0.4981684981684982;0.030525030525030524;0.4713064713064713;0.0;0.0;0.0;0.09401709401709402;0.06227106227106227;0.12087912087912088;0.0;0.12332112332112333;0.0;0.0;0.0
18;5;33;0056;610;0.25573770491803277;0.24262295081967214;0.013114754098360656;0.7442622950819672;0.0;0.0;0.0;0.07377049180327869;0.10491803278688525;0.13278688524590163;0.0;0.1540983606557377;0.0;0.0;0.0
18;5;33;0057;662;0.3731117824773414;0.3429003021148036;0.030211480362537766;0.6268882175226587;0.0;0.0;0.0;0.0755287009063444;0.09667673716012085;0.1419939577039275;0.0;0.19788519637462235;0.0;0.0;0.0
18;5;33;0058;654;0.46636085626911317;0.42966360856269115;0.03669724770642202;0.5336391437308868;0.0;0.0;0.0;0.05657492354740061;0.10856269113149847;0.18501529051987767;0.0;0.16666666666666666;0.0;0.0;0.0
18;4;33;0059;697;0.34433285509325684;0.3098995695839311;0.03443328550932568;0.6556671449067432;0.0;0.0;0.0;0.0703012912482066;0.09038737446197992;0.12482065997130559;0.0;0.09182209469153516;0.0;0.0;0.0
18;4;33;0060;713;0.36746143057503505;0.31837307152875177;0.04908835904628331;0.6325385694249649;0.0;0.0;0.0;0.04908835904628331;0.07152875175315568;0.09396914446002805;0.0;0.05329593267882188;0.0;0.0;0.0
18;4;33;0061;733;0.42701227830832195;0.3587994542974079;0.06821282401091405;0.572987721691678;0.0;0.0;0.0;0.04365620736698499;0.07639836289222374;0.13096862210095497;0.0;0.1582537517053206;0.0;0.0;0.0
18;4;33;0062;714;0.42016806722689076;0.3851540616246499;0.0350140056022409;0.5798319327731093;0.0;0.0;0.0;0.06582633053221289;0.12745098039215685;0.16806722689075632;0.0;0.21008403361344538;0.0;0.0;0.0
18;4;33;0063;731;0.45006839945280436;0.3816689466484268;0.06839945280437756;0.5499316005471956;0.0;0.0;0.0;0.03419972640218878;0.07113543091655267;0.06429548563611491;0.0;0.03283173734610123;0.0;0.0;0.0
18;4;33;0064;706;0.43909348441926344;0.3696883852691218;0.06940509915014165;0.5609065155807366;0.0;0.0;0.0;0.05240793201133145;0.06515580736543909;0.10198300283286119;0.0;0.10198300283286119;0.0;0.0;0.0
18;12;34;0001;257;0.5680933852140078;0.48638132295719844;0.08171206225680934;0.43190661478599224;0.0;0.0;0.0;0.14785992217898833;0.26459143968871596;0.2529182879377432;0.0;0.4280155642023346;0.0;0.0;0.0
18;14;35;0001;621;0.5233494363929146;0.499194847020934;0.024154589371980676;0.47665056360708535;0.0;0.0;0.07568438003220612;0.0;0.0;0.10789049919484701;0.0;0.30434782608695654;0.0;0.0;0.0
18;11;36;0001;454;0.5837004405286343;0.5550660792951542;0.028634361233480177;0.41629955947136565;0.0;0.0;0.06607929515418502;0.0;0.0;0.16299559471365638;0.0;0.45154185022026433;0.0;0.0;0.0
18;1;37;0001;896;0.5212053571428571;0.4921875;0.029017857142857144;0.47879464285714285;0.0;0.0;0.030133928571428572;0.0;0.0;0.08035714285714286;0.0;0.1796875;0.0;0.0;0.0
18;12;38;0001;432;0.5648148148148148;0.5277777777777778;0.037037037037037035;0.4351851851851852;0.0;0.0;0.13194444444444445;0.0;0.0;0.1875;0.0;0.23148148148148148;0.0;0.0;0.0
18;16;39;0001;284;0.5985915492957746;0.573943661971831;0.02464788732394366;0.4014084507042254;0.0;0.0;0.19718309859154928;0.0;0.0;0.23943661971830985;0.0;0.573943661971831;0.0;0.0;0.0
18;9;40;0001;275;0.5490909090909091;0.5236363636363637;0.025454545454545455;0.4509090909090909;0.0;0.0;0.14545454545454545;0.0;0.0;0.2545454545454545;0.0;0.7018181818181818;0.0;0.0;0.0
18;8;41;0001;155;0.535483870967742;0.5161290322580645;0.01935483870967742;0.4645161290322581;0.0;0.0;0.18064516129032257;0.0;0.0;0.3548387096774194;0.0;0.8903225806451613;0.0;0.0;0.0
18;12;42;0001;266;0.5263157894736842;0.5;0.02631578947368421;0.47368421052631576;0.0;0.0;0.07142857142857142;0.0;0.0;0.06015037593984962;0.0;0.03007518796992481;0.0;0.0;0.0
18;8;43;0001;150;0.7533333333333333;0.7266666666666667;0.02666666666666667;0.24666666666666667;0.0;0.0;0.36;0.0;0.0;0.4533333333333333;0.0;0.9;0.0;0.0;0.0
18;11;44;0001;270;0.5370370370370371;0.4962962962962963;0.040740740740740744;0.46296296296296297;0.0;0.0;0.18518518518518517;0.0;0.0;0.3333333333333333;0.0;0.4111111111111111;0.0;0.0;0.0
18;9;45;0001;312;0.5769230769230769;0.5256410256410257;0.05128205128205128;0.4230769230769231;0.0;0.0;0.10897435897435898;0.0;0.0;0.20833333333333334;0.0;0.483974358974359;0.0;0.0;0.0
18;17;46;0001;126;0.6428571428571429;0.5952380952380952;0.047619047619047616;0.35714285714285715;0.0;0.0;0.4444444444444444;0.0;0.0;0.8174603174603174;0.0;1.126984126984127;0.0;0.0;0.0
18;1;47;0001;500;0.588;0.542;0.046;0.412;0.0;0.0;0.066;0.0;0.0;0.164;0.0;0.298;0.0;0.0;0.0
18;10;48;0001;305;0.4426229508196721;0.4360655737704918;0.006557377049180328;0.5573770491803278;0.0;0.0;0.21311475409836064;0.0;0.0;0.28852459016393445;0.0;0.4098360655737705;0.0;0.0;0.0
18;2;49;0001;375;0.6266666666666667;0.6053333333333333;0.021333333333333333;0.37333333333333335;0.0;0.0;0.09066666666666667;0.0;0.0;0.19466666666666665;0.0;0.408;0.0;0.0;0.0
18;13;50;0001;1043;0.5215723873441994;0.5052732502396932;0.016299137104506232;0.4784276126558006;0.0;0.0;0.03547459252157239;0.0;0.0;0.06327900287631831;0.0;0.09012464046021093;0.0;0.0;0.0
18;13;50;0002;937;0.5186766275346851;0.49306296691568835;0.025613660618996798;0.4813233724653148;0.0;0.0;0.035218783351120594;0.0;0.0;0.061899679829242264;0.0;0.07897545357524013;0.0;0.0;0.0
18;13;50;0003;942;0.5318471337579618;0.4968152866242038;0.03503184713375796;0.4681528662420382;0.0;0.0;0.050955414012738856;0.0;0.0;0.07961783439490445;0.0;0.18471337579617833;0.0;0.0;0.0
18;14;51;0001;143;0.6223776223776224;0.6013986013986014;0.02097902097902098;0.3776223776223776;0.0;0.0;0.2937062937062937;0.0;0.0;0.5524475524475524;0.0;1.1748251748251748;0.0;0.0;0.0
18;9;52;0001;623;0.6003210272873194;0.5714285714285714;0.028892455858747994;0.3996789727126806;0.0;0.0;0.0;0.17495987158908508;0.17335473515248795;0.060995184590690206;0.0;0.11556982343499198;0.0;0.0;0.0
18;9;52;0002;255;0.5450980392156862;0.5333333333333333;0.011764705882352941;0.4549019607843137;0.0;0.0;0.0;0.28627450980392155;0.3764705882352941;0.1568627450980392;0.0;0.39215686274509803;0.0;0.0;0.0
18;2;53;0001;257;0.4980544747081712;0.4785992217898833;0.019455252918287938;0.5019455252918288;0.0;0.0;0.0;0.04669260700389105;0.08171206225680934;0.01556420233463035;0.0;0.11284046692607004;0.0;0.0;0.0
18;10;54;0001;189;0.6243386243386243;0.5925925925925926;0.031746031746031744;0.37566137566137564;0.0;0.0;0.0;0.582010582010582;0.328042328042328;0.12698412698412698;0.0;0.30687830687830686;0.0;0.0;0.0
18;7;55;0001;717;0.4811715481171548;0.4560669456066946;0.02510460251046025;0.5188284518828452;0.0;0.0;0.0;0.07112970711297072;0.05160390516039052;0.029288702928870293;0.0;0.05718270571827057;0.0;0.0;0.0
18;2;56;0001;216;0.5509259259259259;0.5370370370370371;0.013888888888888888;0.44907407407407407;0.0;0.0;0.0;0.3287037037037037;0.2638888888888889;0.14351851851851852;0.0;0.28703703703703703;0.0;0.0;0.0
18;8;57;0001;683;0.5651537335285505;0.5387994143484627;0.02635431918008785;0.43484626647144947;0.0;0.0;0.0;0.10395314787701318;0.09956076134699854;0.0629575402635432;0.0;0.04538799414348463;0.0;0.0;0.0
18;8;57;0002;742;0.5444743935309974;0.5040431266846361;0.04043126684636118;0.4555256064690027;0.0;0.0;0.0;0.09838274932614555;0.07547169811320754;0.07547169811320754;0.0;0.04851752021563342;0.0;0.0;0.0
18;17;58;0001;568;0.49471830985915494;0.46830985915492956;0.02640845070422535;0.5052816901408451;0.0;0.0;0.0;0.045774647887323945;0.06514084507042253;0.01936619718309859;0.0;0.04225352112676056;0.0;0.0;0.0
18;17;58;0002;549;0.5063752276867031;0.4681238615664845;0.03825136612021858;0.4936247723132969;0.0;0.0;0.0;0.03825136612021858;0.06375227686703097;0.04553734061930783;0.0;0.023679417122040074;0.0;0.0;0.0
18;8;59;0001;786;0.5788804071246819;0.544529262086514;0.03435114503816794;0.4211195928753181;0.0;0.0;0.0;0.030534351145038167;0.08015267175572519;0.027989821882951654;0.0;0.054707379134860054;0.0;0.0;0.0
18;9;60;0001;40;0.575;0.575;0.0;0.425;0.0;0.0;0.0;3.825;2.55;1.8;0.0;4.225;0.0;0.0;0.0
18;2;61;0001;85;0.49411764705882355;0.4588235294117647;0.03529411764705882;0.5058823529411764;0.0;0.0;0.0;1.3647058823529412;1.0705882352941176;0.611764705882353;0.0;1.6352941176470588;0.0;0.0;0.0
18;10;62;0001;234;0.5042735042735043;0.4829059829059829;0.021367521367521368;0.49572649572649574;0.0;0.0;0.0;0.47863247863247865;0.41025641025641024;0.36324786324786323;0.0;0.7777777777777778;0.0;0.0;0.0
18;17;63;0001;139;0.5971223021582733;0.5323741007194245;0.06474820143884892;0.4028776978417266;0.0;0.0;0.0;0.8920863309352518;0.5323741007194245;0.4028776978417266;0.0;0.9712230215827338;0.0;0.0;0.0
18;11;64;0001;166;0.5903614457831325;0.5662650602409639;0.024096385542168676;0.40963855421686746;0.0;0.0;0.0;0.6385542168674698;0.5060240963855421;0.1927710843373494;0.0;0.8433734939759037;0.0;0.0;0.0
18;8;65;0001;558;0.5609318996415771;0.5089605734767025;0.05197132616487455;0.4390681003584229;0.0;0.0;0.0;0.023297491039426525;0.016129032258064516;0.044802867383512544;0.0;0.03942652329749104;0.0;0.0;0.0
18;7;66;0001;593;0.5480607082630692;0.521079258010118;0.026981450252951095;0.45193929173693087;0.0;0.0;0.0;0.021922428330522766;0.02866779089376054;0.006745362563237774;0.0;0.013490725126475547;0.0;0.0;0.0
18;7;66;0002;171;0.4152046783625731;0.38596491228070173;0.029239766081871343;0.5847953216374269;0.0;0.0;0.0;0.391812865497076;0.7076023391812866;0.39766081871345027;0.0;0.5672514619883041;0.0;0.0;0.0
18;1;67;0001;565;0.5575221238938053;0.5433628318584071;0.01415929203539823;0.4424778761061947;0.0;0.0;0.0;0.07964601769911504;0.06725663716814159;0.03716814159292035;0.0;0.07610619469026549;0.0;0.0;0.0
18;9;68;0001;40;0.625;0.575;0.05;0.375;0.0;0.0;0.225;0.0;0.6;0.225;0.0;0.925;0.0;0.0;0.0
18;12;69;0001;328;0.5762195121951219;0.5121951219512195;0.06402439024390244;0.42378048780487804;0.0;0.0;0.0701219512195122;0.0;0.09146341463414634;0.08231707317073171;0.0;0.13109756097560976;0.0;0.0;0.0
18;16;70;0001;192;0.6302083333333334;0.6197916666666666;0.010416666666666666;0.3697916666666667;0.0;0.0;0.057291666666666664;0.0;0.10416666666666667;0.13541666666666666;0.0;0.1875;0.0;0.0;0.0
18;9;71;0001;24;0.875;0.75;0.125;0.125;0.0;0.0;0.125;0.0;0.5833333333333334;0.20833333333333334;0.0;1.5;0.0;0.0;0.0
18;10;72;0001;192;0.6302083333333334;0.5833333333333334;0.046875;0.3697916666666667;0.0;0.0;0.015625;0.0;0.203125;0.07291666666666667;0.0;0.125;0.0;0.0;0.0
18;17;73;0001;179;0.5865921787709497;0.5307262569832403;0.055865921787709494;0.4134078212290503;0.0;0.0;0.061452513966480445;0.0;0.1452513966480447;0.15083798882681565;0.0;0.25139664804469275;0.0;0.0;0.0
18;16;74;0001;168;0.5773809523809523;0.5654761904761905;0.011904761904761904;0.4226190476190476;0.0;0.0;0.16071428571428573;0.0;0.6369047619047619;0.7976190476190477;0.0;0.5952380952380952;0.0;0.0;0.0
18;10;75;0001;770;0.5376623376623376;0.5051948051948052;0.032467532467532464;0.4623376623376623;0.0;0.0;0.03896103896103896;0.0;0.14935064935064934;0.13506493506493505;0.0;0.16233766233766234;0.0;0.0;0.0
18;9;76;0001;370;0.4891891891891892;0.45675675675675675;0.032432432432432434;0.5108108108108108;0.0;0.0;0.05405405405405406;0.0;0.22162162162162163;0.26216216216216215;0.0;0.6189189189189189;0.0;0.0;0.0
18;2;77;0001;261;0.5938697318007663;0.5747126436781609;0.019157088122605363;0.4061302681992337;0.0;0.0;0.14942528735632185;0.0;0.3103448275862069;0.42911877394636017;0.0;0.19923371647509577;0.0;0.0;0.0
18;17;78;0001;60;0.7;0.6666666666666666;0.03333333333333333;0.3;0.0;0.0;0.25;0.0;1.7;0.9833333333333333;0.0;1.9;0.0;0.0;0.0
18;16;79;0001;415;0.563855421686747;0.5542168674698795;0.00963855421686747;0.43614457831325304;0.0;0.0;0.03855421686746988;0.0;0.14457831325301204;0.05301204819277108;0.0;0.19036144578313252;0.0;0.0;0.0
18;10;80;0001;120;0.5916666666666667;0.5583333333333333;0.03333333333333333;0.4083333333333333;0.0;0.0;0.03333333333333333;0.0;0.15;0.041666666666666664;0.0;0.275;0.0;0.0;0.0
18;2;81;0001;273;0.5457875457875457;0.5238095238095238;0.02197802197802198;0.4542124542124542;0.0;0.0;0.018315018315018316;0.0;0.26373626373626374;0.08791208791208792;0.0;0.20512820512820512;0.0;0.0;0.0
18;10;82;0001;857;0.5390898483080513;0.5297549591598599;0.009334889148191364;0.46091015169194866;0.0;0.0;0.003500583430571762;0.0;0.03733955659276546;0.01866977829638273;0.0;0.040840140023337225;0.0;0.0;0.0
18;8;83;0001;557;0.5547576301615799;0.5206463195691203;0.03411131059245961;0.4452423698384201;0.0;0.0;0.06463195691202872;0.0;0.20646319569120286;0.17953321364452424;0.0;0.14183123877917414;0.0;0.0;0.0
18;16;84;0001;174;0.5402298850574713;0.5057471264367817;0.034482758620689655;0.45977011494252873;0.0;0.0;0.19540229885057472;0.0;0.5689655172413793;0.39080459770114945;0.0;0.6724137931034483;0.0;0.0;0.0
18;19;85;0001;176;0.6590909090909091;0.6079545454545454;0.05113636363636364;0.3409090909090909;0.0;0.0;0.10795454545454546;0.0;0.2727272727272727;0.07954545454545454;0.0;0.3125;0.0;0.0;0.0
18;12;86;0001;439;0.592255125284738;0.5649202733485194;0.02733485193621868;0.40774487471526194;0.0;0.0;0.02050113895216401;0.0;0.09111617312072894;0.05922551252847381;0.0;0.10022779043280182;0.0;0.0;0.0
18;9;87;0001;1001;0.5424575424575424;0.5094905094905094;0.03296703296703297;0.45754245754245754;0.0;0.0;0.01098901098901099;0.0;0.017982017982017984;0.013986013986013986;0.0;0.012987012987012988;0.0;0.0;0.0
18;9;87;0002;971;0.5396498455200824;0.5118434603501545;0.027806385169927908;0.4603501544799176;0.0;0.0;0.013388259526261586;0.0;0.04531410916580844;0.04325437693099897;0.0;0.05458290422245108;0.0;0.0;0.0
18;9;87;0003;998;0.5190380761523046;0.503006012024048;0.01603206412825651;0.48096192384769537;0.0;0.0;0.003006012024048096;0.0;0.026052104208416832;0.017034068136272545;0.0;0.06212424849699399;0.0;0.0;0.0
18;1;88;0001;175;0.6857142857142857;0.6685714285714286;0.017142857142857144;0.3142857142857143;0.0;0.0;0.08571428571428572;0.0;0.42857142857142855;0.21714285714285714;0.0;0.5371428571428571;0.0;0.0;0.0
18;8;89;0001;336;0.5505952380952381;0.5267857142857143;0.023809523809523808;0.4494047619047619;0.0;0.0;0.03273809523809524;0.0;0.09523809523809523;0.09523809523809523;0.0;0.09523809523809523;0.0;0.0;0.0
18;2;90;0001;324;0.5216049382716049;0.4567901234567901;0.06481481481481481;0.4783950617283951;0.0;0.0;0.05864197530864197;0.0;0.08333333333333333;0.11419753086419752;0.0;0.09876543209876543;0.0;0.0;0.0
18;12;91;0001;159;0.6352201257861635;0.5911949685534591;0.0440251572327044;0.36477987421383645;0.0;0.0;0.07547169811320754;0.0;0.24528301886792453;0.18867924528301888;0.0;0.1509433962264151;0.0;0.0;0.0
18;2;92;0001;651;0.5314900153609831;0.5099846390168971;0.021505376344086023;0.4685099846390169;0.0;0.0;0.015360983102918587;0.0;0.016897081413210446;0.010752688172043012;0.0;0.016897081413210446;0.0;0.0;0.0
18;8;93;0001;112;0.5625;0.5357142857142857;0.026785714285714284;0.4375;0.0;0.0;0.05357142857142857;0.0;0.5267857142857143;0.24107142857142858;0.0;1.2053571428571428;0.0;0.0;0.0
18;16;94;0001;292;0.4965753424657534;0.4794520547945205;0.017123287671232876;0.5034246575342466;0.0;0.0;0.04452054794520548;0.0;0.3561643835616438;0.18835616438356165;0.0;0.3253424657534247;0.0;0.0;0.0
18;10;95;0001;153;0.47058823529411764;0.45098039215686275;0.0196078431372549;0.5294117647058824;0.0;0.0;0.032679738562091505;0.0;0.13071895424836602;0.0718954248366013;0.0;0.3464052287581699;0.0;0.0;0.0
18;11;96;0001;762;0.568241469816273;0.5498687664041995;0.01837270341207349;0.431758530183727;0.0;0.0;0.015748031496062992;0.0;0.06167979002624672;0.024934383202099737;0.0;0.04461942257217848;0.0;0.0;0.0
18;11;96;0002;739;0.5290933694181326;0.5087956698240866;0.02029769959404601;0.4709066305818674;0.0;0.0;0.018944519621109608;0.0;0.06630581867388363;0.056833558863328824;0.0;0.046008119079837616;0.0;0.0;0.0
18;15;97;0001;860;0.5465116279069767;0.5151162790697674;0.031395348837209305;0.45348837209302323;0.0;0.0;0.00813953488372093;0.0;0.03837209302325582;0.020930232558139535;0.0;0.06744186046511629;0.0;0.0;0.0
18;15;97;0002;804;0.48756218905472637;0.44776119402985076;0.03980099502487562;0.5124378109452736;0.0;0.0;0.03731343283582089;0.0;0.08706467661691543;0.046019900497512436;0.0;0.07711442786069651;0.0;0.0;0.0
18;16;98;0001;120;0.55;0.525;0.025;0.45;0.0;0.0;0.05;0.0;0.14166666666666666;0.05;0.0;0.23333333333333334;0.0;0.0;0.0
18;2;99;0001;176;0.5511363636363636;0.5;0.05113636363636364;0.44886363636363635;0.0;0.0;0.06818181818181818;0.0;0.3409090909090909;0.13068181818181818;0.0;0.6534090909090909;0.0;0.0;0.0
18;19;100;0001;568;0.6320422535211268;0.5651408450704225;0.06690140845070422;0.36795774647887325;0.0;0.0;0.02640845070422535;0.0;0.1073943661971831;0.04753521126760563;0.0;0.08626760563380281;0.0;0.0;0.0
18;10;101;0001;286;0.527972027972028;0.5174825174825175;0.01048951048951049;0.47202797202797203;0.0;0.0;0.02097902097902098;0.0;0.1853146853146853;0.11188811188811189;0.0;0.32167832167832167;0.0;0.0;0.0
18;9;102;0001;239;0.5313807531380753;0.5104602510460251;0.02092050209205021;0.4686192468619247;0.0;0.0;0.09205020920502092;0.0;0.301255230125523;0.11297071129707113;0.0;0.41841004184100417;0.0;0.0;0.0
18;19;103;0001;1039;0.5976900866217517;0.5668912415784408;0.030798845043310877;0.40230991337824834;0.0;0.0;0.0038498556304138597;0.0;0.015399422521655439;0.011549566891241578;0.0;0.0038498556304138597;0.0;0.0;0.0
18;2;104;0001;121;0.49586776859504134;0.45454545454545453;0.04132231404958678;0.5041322314049587;0.0;0.0;0.0;0.10743801652892562;0.256198347107438;0.14049586776859505;0.0;0.4132231404958678;0.0;0.0;0.0
18;2;105;0001;265;0.5547169811320755;0.539622641509434;0.01509433962264151;0.44528301886792454;0.0;0.0;0.0;0.06415094339622641;0.16981132075471697;0.06792452830188679;0.0;0.26037735849056604;0.0;0.0;0.0
18;2;105;0002;90;0.7666666666666667;0.7111111111111111;0.05555555555555555;0.23333333333333334;0.0;0.0;0.0;0.18888888888888888;0.4444444444444444;0.17777777777777778;0.0;0.6888888888888889;0.0;0.0;0.0
18;9;106;0001;202;0.5445544554455446;0.5247524752475248;0.019801980198019802;0.45544554455445546;0.0;0.0;0.0;0.07920792079207921;0.19801980198019803;0.04455445544554455;0.0;0.33663366336633666;0.0;0.0;0.0
18;12;107;0001;109;0.7064220183486238;0.6605504587155964;0.045871559633027525;0.29357798165137616;0.0;0.0;0.0;0.1834862385321101;0.4036697247706422;0.10091743119266056;0.0;0.6330275229357798;0.0;0.0;0.0
18;10;108;0001;1235;0.5133603238866397;0.4898785425101215;0.02348178137651822;0.48663967611336034;0.0;0.0;0.0;0.012145748987854251;0.06072874493927125;0.01862348178137652;0.0;0.04129554655870445;0.0;0.0;0.0
18;10;108;0002;1409;0.44996451383960256;0.42725337118523776;0.0227111426543648;0.5500354861603974;0.0;0.0;0.0;0.017033356990773598;0.060326472675656495;0.0333569907735983;0.0;0.14194464158977999;0.0;0.0;0.0
18;14;109;0001;1197;0.5614035087719298;0.5463659147869674;0.015037593984962405;0.43859649122807015;0.0;0.0;0.0;0.00835421888053467;0.02506265664160401;0.01921470342522974;0.0;0.06098579782790309;0.0;0.0;0.0
18;14;109;0002;156;0.6794871794871795;0.6410256410256411;0.038461538461538464;0.32051282051282054;0.0;0.0;0.0;0.04487179487179487;0.0641025641025641;0.019230769230769232;0.0;0.019230769230769232;0.0;0.0;0.0
18;2;110;0001;772;0.5064766839378239;0.48704663212435234;0.019430051813471502;0.49352331606217614;0.0;0.0;0.0;0.0025906735751295338;0.0051813471502590676;0.0051813471502590676;0.0;0.01683937823834197;0.0;0.0;0.0
18;14;111;0001;148;0.6081081081081081;0.5743243243243243;0.033783783783783786;0.3918918918918919;0.0;0.0;0.0;0.013513513513513514;0.02702702702702703;0.0;0.0;0.08108108108108109;0.0;0.0;0.0
18;8;112;0001;275;0.5818181818181818;0.5709090909090909;0.01090909090909091;0.41818181818181815;0.0;0.0;0.0;0.05090909090909091;0.27636363636363637;0.04;0.0;0.24727272727272728;0.0;0.0;0.0
18;10;113;0001;132;0.553030303030303;0.5303030303030303;0.022727272727272728;0.44696969696969696;0.0;0.0;0.0;0.44696969696969696;0.75;0.5075757575757576;0.0;2.159090909090909;0.0;0.0;0.0
18;8;114;0001;163;0.5521472392638037;0.5276073619631901;0.024539877300613498;0.44785276073619634;0.0;0.0;0.0;0.37423312883435583;0.6748466257668712;0.3006134969325153;0.0;1.6993865030674846;0.0;0.0;0.0
18;1;115;0001;627;0.4704944178628389;0.4449760765550239;0.025518341307814992;0.529505582137161;0.0;0.0;0.0;0.13556618819776714;0.19138755980861244;0.09250398724082935;0.0;0.38118022328548645;0.0;0.0;0.0
18;16;116;0001;236;0.6101694915254238;0.6016949152542372;0.00847457627118644;0.3898305084745763;0.0;0.0;0.0;0.11864406779661017;0.19915254237288135;0.0847457627118644;0.0;0.11440677966101695;0.0;0.0;0.0
18;16;117;0001;418;0.5406698564593302;0.5239234449760766;0.01674641148325359;0.45933014354066987;0.0;0.0;0.0;0.050239234449760764;0.08373205741626795;0.04066985645933014;0.0;0.07894736842105263;0.0;0.0;0.0
18;10;118;0001;1090;0.48990825688073397;0.46055045871559636;0.029357798165137616;0.5100917431192661;0.0;0.0;0.0;0.0027522935779816515;0.014678899082568808;0.007339449541284404;0.0;0.024770642201834864;0.0;0.0;0.0
18;2;119;0001;148;0.4527027027027027;0.4391891891891892;0.013513513513513514;0.5472972972972973;0.0;0.0;0.0;0.05405405405405406;0.49324324324324326;0.668918918918919;0.0;0.2905405405405405;0.0;0.0;0.0
18;2;120;0001;299;0.6220735785953178;0.5919732441471572;0.030100334448160536;0.3779264214046823;0.0;0.0;0.0;0.04013377926421405;0.13043478260869565;0.07357859531772576;0.0;0.14715719063545152;0.0;0.0;0.0
18;2;120;0002;161;0.6024844720496895;0.577639751552795;0.024844720496894408;0.39751552795031053;0.0;0.0;0.0;0.024844720496894408;0.17391304347826086;0.07453416149068323;0.0;0.2360248447204969;0.0;0.0;0.0
18;9;121;0001;100;0.55;0.54;0.01;0.45;0.0;0.0;0.0;0.06;0.49;0.12;0.0;0.5;0.0;0.0;0.0
18;17;122;0001;154;0.551948051948052;0.525974025974026;0.025974025974025976;0.44805194805194803;0.0;0.0;0.0;0.006493506493506494;0.07142857142857142;0.012987012987012988;0.0;0.07142857142857142;0.0;0.0;0.0
18;2;123;0001;42;0.6904761904761905;0.6666666666666666;0.023809523809523808;0.30952380952380953;0.0;0.0;0.0;0.07142857142857142;0.40476190476190477;0.19047619047619047;0.0;1.0476190476190477;0.0;0.0;0.0
18;11;124;0001;251;0.601593625498008;0.5856573705179283;0.01593625498007968;0.398406374501992;0.0;0.0;0.0;0.01593625498007968;0.099601593625498;0.03187250996015936;0.0;0.13545816733067728;0.0;0.0;0.0
18;16;125;0001;997;0.49247743229689067;0.47141424272818455;0.02106318956870612;0.5075225677031093;0.0;0.0;0.0;0.02708124373119358;0.025075225677031094;0.0160481444332999;0.0;0.022066198595787363;0.0;0.0;0.0
18;17;126;0001;1012;0.525691699604743;0.4851778656126482;0.040513833992094864;0.4743083003952569;0.0;0.0;0.0;0.003952569169960474;0.007905138339920948;0.0009881422924901185;0.0;0.018774703557312252;0.0;0.0;0.0
18;8;127;0001;584;0.6061643835616438;0.565068493150685;0.0410958904109589;0.3938356164383562;0.0;0.0;0.0;0.011986301369863013;0.0821917808219178;0.025684931506849314;0.0;0.1095890410958904;0.0;0.0;0.0
18;8;127;0002;537;0.6312849162011173;0.5921787709497207;0.03910614525139665;0.3687150837988827;0.0;0.0;0.0;0.055865921787709494;0.12104283054003724;0.07635009310986965;0.0;0.1750465549348231;0.0;0.0;0.0
18;11;128;0001;108;0.5555555555555556;0.5555555555555556;0.0;0.4444444444444444;0.0;0.0;0.0;0.2222222222222222;0.9074074074074074;0.42592592592592593;0.0;1.0925925925925926;0.0;0.0;0.0
18;17;129;0001;150;0.6266666666666667;0.5866666666666667;0.04;0.37333333333333335;0.0;0.0;0.0;0.44;1.34;0.8266666666666667;0.0;1.1;0.0;0.0;0.0
18;8;130;0001;232;0.6120689655172413;0.5862068965517241;0.02586206896551724;0.3879310344827586;0.0;0.0;0.0;0.2629310344827586;0.8836206896551724;0.47413793103448276;0.0;0.8275862068965517;0.0;0.0;0.0
18;10;131;0001;32;0.625;0.53125;0.09375;0.375;0.0;0.0;0.0;0.78125;1.75;1.03125;0.0;2.71875;0.0;0.0;0.0
18;2;132;0001;132;0.6590909090909091;0.6287878787878788;0.030303030303030304;0.3409090909090909;0.0;0.0;0.0;0.06818181818181818;0.2196969696969697;0.10606060606060606;0.0;0.09848484848484848;0.0;0.0;0.0
18;7;133;0001;572;0.4737762237762238;0.44405594405594406;0.02972027972027972;0.5262237762237763;0.0;0.0;0.0;0.015734265734265736;0.0472027972027972;0.015734265734265736;0.0;0.07167832167832168;0.0;0.0;0.0
18;7;133;0002;455;0.34945054945054943;0.32967032967032966;0.01978021978021978;0.6505494505494506;0.0;0.0;0.0;0.0;0.017582417582417582;0.004395604395604396;0.0;0.024175824175824177;0.0;0.0;0.0
18;11;134;0001;473;0.5517970401691332;0.5264270613107822;0.02536997885835095;0.44820295983086683;0.0;0.0;0.0;0.0021141649048625794;0.010570824524312896;0.004228329809725159;0.0;0.0613107822410148;0.0;0.0;0.0
18;8;135;0001;208;0.6105769230769231;0.5721153846153846;0.038461538461538464;0.3894230769230769;0.0;0.0;0.0;0.11538461538461539;0.38461538461538464;0.3125;0.0;0.22596153846153846;0.0;0.0;0.0
18;12;136;0001;259;0.5366795366795367;0.5173745173745173;0.019305019305019305;0.46332046332046334;0.0;0.0;0.0;0.07335907335907337;0.15444015444015444;0.13513513513513514;0.0;0.15057915057915058;0.0;0.0;0.0
18;7;137;0001;474;0.5063291139240507;0.46624472573839665;0.04008438818565401;0.4936708860759494;0.0;0.0;0.0;0.0189873417721519;0.08227848101265822;0.046413502109704644;0.0;0.08860759493670886;0.0;0.0;0.0
18;13;138;0001;905;0.5149171270718232;0.4839779005524862;0.030939226519337018;0.4850828729281768;0.0;0.0;0.0;0.013259668508287293;0.028729281767955802;0.039779005524861875;0.0;0.0430939226519337;0.0;0.0;0.0
18;13;138;0002;761;0.5059132720105125;0.4612352168199737;0.04467805519053877;0.4940867279894875;0.0;0.0;0.0;0.01445466491458607;0.0735873850197109;0.03416557161629435;0.0;0.024967148488830485;0.0;0.0;0.0
18;2;139;0001;513;0.5263157894736842;0.5146198830409356;0.011695906432748537;0.47368421052631576;0.0;0.0;0.0;0.09941520467836257;0.2553606237816764;0.1968810916179337;0.0;0.20662768031189083;0.0;0.0;0.0
18;11;140;0001;1141;0.5127081507449606;0.4802804557405784;0.03242769500438212;0.48729184925503943;0.0;0.0;0.0;0.0017528483786152498;0.025416301489921123;0.013146362839614373;0.0;0.018404907975460124;0.0;0.0;0.0
18;11;141;0001;915;0.4382513661202186;0.4163934426229508;0.02185792349726776;0.5617486338797815;0.0;0.0;0.0;0.05901639344262295;0.09398907103825137;0.05573770491803279;0.0;0.28743169398907104;0.0;0.0;0.0
18;11;141;0002;858;0.4393939393939394;0.4184149184149184;0.02097902097902098;0.5606060606060606;0.0;0.0;0.0;0.017482517482517484;0.03613053613053613;0.01282051282051282;0.0;0.013986013986013986;0.0;0.0;0.0
18;11;141;0003;811;0.48951911220715166;0.45869297163995065;0.030826140567200986;0.5104808877928483;0.0;0.0;0.0;0.06041923551171394;0.025893958076448828;0.03945745992601726;0.0;0.05672009864364982;0.0;0.0;0.0
18;11;141;0004;1038;0.5183044315992292;0.4932562620423892;0.025048169556840076;0.4816955684007707;0.0;0.0;0.0;0.06840077071290944;0.16666666666666666;0.15895953757225434;0.0;0.18882466281310212;0.0;0.0;0.0
18;11;141;0005;891;0.49719416386083054;0.4781144781144781;0.019079685746352413;0.5028058361391695;0.0;0.0;0.0;0.1122334455667789;0.20987654320987653;0.1840628507295174;0.0;0.16947250280583614;0.0;0.0;0.0
18;11;141;0006;701;0.4507845934379458;0.42653352353780316;0.024251069900142655;0.5492154065620543;0.0;0.0;0.0;0.0042796005706134095;0.03851640513552068;0.029957203994293864;0.0;0.02710413694721826;0.0;0.0;0.0
18;12;142;0001;554;0.5144404332129964;0.47833935018050544;0.036101083032490974;0.4855595667870036;0.0;0.0;0.0;0.07942238267148015;0.29783393501805056;0.3176895306859206;0.0;0.2111913357400722;0.0;0.0;0.0
18;10;143;0001;258;0.45348837209302323;0.45348837209302323;0.0;0.5465116279069767;0.0;0.0;0.0;0.01937984496124031;0.007751937984496124;0.015503875968992248;0.0;0.023255813953488372;0.0;0.0;0.0
18;16;144;0001;414;0.5144927536231884;0.5072463768115942;0.007246376811594203;0.4855072463768116;0.0;0.0;0.0;0.026570048309178744;0.1111111111111111;0.09903381642512077;0.0;0.04589371980676329;0.0;0.0;0.0
18;15;145;0001;642;0.5109034267912772;0.48753894080996885;0.02336448598130841;0.48909657320872274;0.0;0.0;0.0;0.012461059190031152;0.04984423676012461;0.03426791277258567;0.0;0.03582554517133956;0.0;0.0;0.0
18;15;145;0002;495;0.5656565656565656;0.5313131313131313;0.03434343434343434;0.43434343434343436;0.0;0.0;0.0;0.06262626262626263;0.31313131313131315;0.397979797979798;0.0;0.25656565656565655;0.0;0.0;0.0
18;16;146;0001;296;0.5;0.4797297297297297;0.02027027027027027;0.5;0.0;0.0;0.0;0.057432432432432436;0.2972972972972973;0.28040540540540543;0.0;0.16554054054054054;0.0;0.0;0.0
18;1;147;0001;205;0.5560975609756098;0.5317073170731708;0.024390243902439025;0.44390243902439025;0.0;0.0;0.0;0.00975609756097561;0.1073170731707317;0.11707317073170732;0.0;0.13170731707317074;0.0;0.0;0.0
18;11;148;0001;1029;0.5179786200194364;0.4684159378036929;0.04956268221574344;0.48202137998056366;0.0;0.0;0.0;0.001943634596695821;0.015549076773566569;0.0058309037900874635;0.0;0.014577259475218658;0.0;0.0;0.0
18;11;148;0002;1071;0.4565826330532213;0.42670401493930904;0.029878618113912233;0.5434173669467787;0.0;0.0;0.0;0.012138188608776844;0.07563025210084033;0.16059757236227826;0.0;0.025210084033613446;0.0;0.0;0.0
18;1;149;0001;479;0.5198329853862212;0.49478079331941544;0.025052192066805846;0.4801670146137787;0.0;0.0;0.15657620041753653;0.0;0.18789144050104384;0.12108559498956159;0.0;0.2359081419624217;0.0;0.0;0.0
18;19;150;0001;554;0.5306859205776173;0.49458483754512633;0.036101083032490974;0.4693140794223827;0.0;0.0;0.07581227436823104;0.0;0.21660649819494585;0.12093862815884476;0.0;0.29783393501805056;0.0;0.0;0.0
18;14;151;0001;309;0.5889967637540453;0.5792880258899676;0.009708737864077669;0.4110032362459547;0.0;0.0;0.21359223300970873;0.0;0.18446601941747573;0.09061488673139159;0.0;0.3268608414239482;0.0;0.0;0.0
18;8;152;0001;97;0.6082474226804123;0.5773195876288659;0.030927835051546393;0.3917525773195876;0.0;0.0;0.24742268041237114;0.0;0.5051546391752577;0.09278350515463918;0.0;0.5360824742268041;0.0;0.0;0.0
18;8;153;0001;238;0.6512605042016807;0.6386554621848739;0.012605042016806723;0.3487394957983193;0.0;0.0;0.06722689075630252;0.0;0.14285714285714285;0.025210084033613446;0.0;0.15966386554621848;0.0;0.0;0.0
18;10;154;0001;168;0.5357142857142857;0.5059523809523809;0.02976190476190476;0.4642857142857143;0.0;0.0;1.505952380952381;0.0;0.6369047619047619;0.03571428571428571;0.0;0.31547619047619047;0.0;0.0;0.0
18;9;155;0001;356;0.6432584269662921;0.6264044943820225;0.016853932584269662;0.35674157303370785;0.0;0.0;0.7078651685393258;0.0;0.1797752808988764;0.03089887640449438;0.0;0.13764044943820225;0.0;0.0;0.0
18;14;156;0001;389;0.6066838046272494;0.583547557840617;0.02313624678663239;0.39331619537275064;0.0;0.0;0.038560411311053984;0.0;0.10025706940874037;0.02313624678663239;0.0;0.2159383033419023;0.0;0.0;0.0
18;7;157;0001;467;0.5074946466809421;0.45610278372591007;0.05139186295503212;0.4925053533190578;0.0;0.0;0.02569593147751606;0.0;0.04068522483940043;0.017130620985010708;0.0;0.044967880085653104;0.0;0.0;0.0
18;2;158;0001;552;0.5036231884057971;0.48007246376811596;0.02355072463768116;0.4963768115942029;0.0;0.0;0.10326086956521739;0.0;0.11594202898550725;0.043478260869565216;0.0;0.18840579710144928;0.0;0.0;0.0
18;1;159;0001;713;0.5427769985974754;0.5259467040673211;0.016830294530154277;0.45722300140252453;0.0;0.0;0.16830294530154277;0.0;0.2805049088359046;0.08835904628330996;0.0;0.2314165497896213;0.0;0.0;0.0
18;10;160;0001;1016;0.53248031496063;0.5019685039370079;0.03051181102362205;0.4675196850393701;0.0;0.0;0.08070866141732283;0.0;0.06988188976377953;0.04133858267716536;0.0;0.1830708661417323;0.0;0.0;0.0
18;9;161;0001;221;0.5565610859728507;0.5294117647058824;0.027149321266968326;0.4434389140271493;0.0;0.0;0.4298642533936652;0.0;0.49321266968325794;0.23076923076923078;0.0;0.47058823529411764;0.0;0.0;0.0
18;14;162;0001;207;0.5797101449275363;0.5652173913043478;0.014492753623188406;0.42028985507246375;0.0;0.0;0.3526570048309179;0.0;0.4106280193236715;0.33816425120772947;0.0;0.6956521739130435;0.0;0.0;0.0
18;14;163;0001;244;0.6229508196721312;0.6147540983606558;0.00819672131147541;0.3770491803278688;0.0;0.0;0.3114754098360656;0.0;0.46311475409836067;0.3237704918032787;0.0;1.0;0.0;0.0;0.0
18;9;164;0001;116;0.7241379310344828;0.7068965517241379;0.017241379310344827;0.27586206896551724;0.0;0.0;0.6724137931034483;0.0;1.043103448275862;0.5258620689655172;0.0;1.4310344827586208;0.0;0.0;0.0
18;1;165;0001;1014;0.519723865877712;0.4832347140039448;0.03648915187376726;0.480276134122288;0.0;0.0;0.0650887573964497;0.0;0.07790927021696252;0.045364891518737675;0.0;0.10650887573964497;0.0;0.0;0.0
18;2;166;0001;340;0.5735294117647058;0.5647058823529412;0.008823529411764706;0.4264705882352941;0.0;0.0;0.28823529411764703;0.0;0.42058823529411765;0.1588235294117647;0.0;0.55;0.0;0.0;0.0
18;19;167;0001;232;0.6120689655172413;0.5474137931034483;0.06465517241379311;0.3879310344827586;0.0;0.0;0.3706896551724138;0.0;0.7025862068965517;0.17672413793103448;0.0;0.7198275862068966;0.0;0.0;0.0
18;16;168;0001;221;0.6018099547511312;0.5927601809954751;0.00904977375565611;0.39819004524886875;0.0;0.0;0.14479638009049775;0.0;0.2081447963800905;0.1085972850678733;0.0;0.3574660633484163;0.0;0.0;0.0
18;12;169;0001;184;0.5869565217391305;0.5543478260869565;0.03260869565217391;0.41304347826086957;0.0;0.0;0.1956521739130435;0.0;0.5869565217391305;0.11413043478260869;0.0;0.8152173913043478;0.0;0.0;0.0
18;1;170;0001;584;0.5445205479452054;0.5308219178082192;0.0136986301369863;0.4554794520547945;0.0;0.0;0.05821917808219178;0.0;0.10273972602739725;0.0410958904109589;0.0;0.11815068493150685;0.0;0.0;0.0
18;12;171;0001;197;0.5634517766497462;0.5482233502538071;0.015228426395939087;0.4365482233502538;0.0;0.03553299492385787;0.07106598984771574;0.0;0.18274111675126903;0.07106598984771574;0.0;0.0;0.1065989847715736;0.0;0.16751269035532995
18;12;172;0001;909;0.5742574257425742;0.5445544554455446;0.0297029702970297;0.42574257425742573;0.0;0.0088008800880088;0.022002200220022004;0.0;0.0847084708470847;0.0297029702970297;0.0;0.0;0.066006600660066;0.0;0.039603960396039604
18;12;172;0002;660;0.5060606060606061;0.4636363636363636;0.04242424242424243;0.49393939393939396;0.0;0.006060606060606061;0.030303030303030304;0.0;0.06515151515151515;0.031818181818181815;0.0;0.0;0.030303030303030304;0.0;0.03787878787878788
18;9;173;0001;214;0.5841121495327103;0.5467289719626168;0.037383177570093455;0.4158878504672897;0.0;0.018691588785046728;0.037383177570093455;0.0;0.2616822429906542;0.1542056074766355;0.0;0.0;0.1261682242990654;0.0;0.18691588785046728
18;2;174;0001;152;0.5986842105263158;0.5394736842105263;0.05921052631578947;0.40131578947368424;0.0;0.05921052631578947;0.2236842105263158;0.0;0.4144736842105263;0.3881578947368421;0.0;0.0;0.3157894736842105;0.0;0.23026315789473684
18;10;175;0001;511;0.4892367906066536;0.4637964774951076;0.025440313111545987;0.5107632093933464;0.0;0.011741682974559686;0.0273972602739726;0.0;0.046966731898238745;0.043052837573385516;0.0;0.0;0.015655577299412915;0.0;0.03913894324853229
18;14;176;0001;322;0.5962732919254659;0.5652173913043478;0.031055900621118012;0.40372670807453415;0.0;0.003105590062111801;0.031055900621118012;0.0;0.046583850931677016;0.049689440993788817;0.0;0.0;0.040372670807453416;0.0;0.052795031055900624
18;9;177;0001;41;0.6341463414634146;0.6097560975609756;0.024390243902439025;0.36585365853658536;0.0;0.14634146341463414;1.024390243902439;0.0;1.0;0.3170731707317073;0.0;0.0;0.5609756097560976;0.0;0.21951219512195122
18;8;178;0001;182;0.6208791208791209;0.5934065934065934;0.027472527472527472;0.3791208791208791;0.0;0.06043956043956044;0.10989010989010989;0.0;0.3956043956043956;0.2857142857142857;0.0;0.0;0.25824175824175827;0.0;0.34615384615384615
18;15;179;0001;644;0.5388198757763976;0.515527950310559;0.023291925465838508;0.4611801242236025;0.0;0.027950310559006212;0.009316770186335404;0.0;0.05434782608695652;0.031055900621118012;0.0;0.0;0.013975155279503106;0.0;0.021739130434782608
18;17;180;0001;785;0.5184713375796178;0.49554140127388535;0.022929936305732482;0.48152866242038217;0.0;0.014012738853503185;0.022929936305732482;0.0;0.050955414012738856;0.007643312101910828;0.0;0.0;0.02165605095541401;0.0;0.02038216560509554
18;17;180;0002;659;0.5386949924127465;0.5159332321699545;0.02276176024279211;0.4613050075872534;0.0;0.048558421851289835;0.057663125948406675;0.0;0.17450682852807284;0.15781487101669195;0.0;0.0;0.18512898330804248;0.0;0.1274658573596358
18;7;181;0001;407;0.5724815724815725;0.542997542997543;0.029484029484029485;0.4275184275184275;0.0;0.022113022113022112;0.07371007371007371;0.0;0.18673218673218672;0.12530712530712532;0.0;0.0;0.2113022113022113;0.0;0.13267813267813267
18;7;182;0001;159;0.6352201257861635;0.6163522012578616;0.018867924528301886;0.36477987421383645;0.0;0.12578616352201258;0.2138364779874214;0.0;0.27044025157232704;0.3710691823899371;0.0;0.0;0.46540880503144655;0.0;0.4968553459119497
18;9;183;0001;124;0.6209677419354839;0.5806451612903226;0.04032258064516129;0.3790322580645161;0.0;0.3790322580645161;0.2903225806451613;0.0;0.7661290322580645;0.5;0.0;0.0;0.7338709677419355;0.0;0.8387096774193549
18;2;184;0001;205;0.5560975609756098;0.5463414634146342;0.00975609756097561;0.44390243902439025;0.0;0.0975609756097561;0.2097560975609756;0.0;0.4;0.35121951219512193;0.0;0.0;0.6780487804878049;0.0;0.4975609756097561
18;1;185;0001;207;0.5603864734299517;0.5362318840579711;0.024154589371980676;0.4396135265700483;0.0;0.08695652173913043;0.22705314009661837;0.0;0.47342995169082125;0.391304347826087;0.0;0.0;0.48792270531400966;0.0;0.45410628019323673
18;11;186;0001;331;0.5649546827794562;0.5468277945619335;0.01812688821752266;0.4350453172205438;0.0;0.045317220543806644;0.08157099697885196;0.0;0.29607250755287007;0.11782477341389729;0.0;0.0;0.229607250755287;0.0;0.1691842900302115
18;8;187;0001;469;0.4989339019189765;0.47334754797441364;0.0255863539445629;0.5010660980810234;0.0;0.03624733475479744;0.09381663113006397;0.0;0.16631130063965885;0.12366737739872068;0.0;0.0;0.22388059701492538;0.0;0.2281449893390192
18;7;188;0001;207;0.4782608695652174;0.45410628019323673;0.024154589371980676;0.5217391304347826;0.0;0.09178743961352658;0.15458937198067632;0.0;0.48792270531400966;0.2318840579710145;0.0;0.0;0.4492753623188406;0.0;0.5265700483091788
18;15;189;0001;339;0.5958702064896755;0.5752212389380531;0.02064896755162242;0.40412979351032446;0.0;0.017699115044247787;0.07964601769911504;0.0;0.3185840707964602;0.18584070796460178;0.0;0.0;0.18289085545722714;0.0;0.20058997050147492
18;11;190;0001;625;0.5168;0.504;0.0128;0.4832;0.0;0.016;0.0416;0.0;0.12;0.096;0.0;0.0;0.1328;0.0;0.0832
18;9;191;0001;142;0.528169014084507;0.5;0.028169014084507043;0.47183098591549294;0.15492957746478872;0.0;0.0;0.0;0.0;0.0;0.0;0.5774647887323944;0.0;2.9788732394366195;0.0
18;8;192;0001;218;0.536697247706422;0.4908256880733945;0.045871559633027525;0.463302752293578;0.15137614678899083;0.0;0.0;0.0;0.0;0.0;0.0;0.25229357798165136;0.0;1.7155963302752293;0.0
18;8;193;0001;188;0.6595744680851063;0.6117021276595744;0.047872340425531915;0.3404255319148936;0.2127659574468085;0.0;0.0;0.0;0.0;0.0;0.0;0.4734042553191489;0.0;1.803191489361702;0.0
18;14;194;0001;783;0.48020434227330777;0.4482758620689655;0.031928480204342274;0.5197956577266922;0.06130268199233716;0.0;0.0;0.0;0.0;0.0;0.0;0.1979565772669221;0.0;0.3001277139208174;0.0
18;9;195;0001;154;0.5974025974025974;0.5844155844155844;0.012987012987012988;0.4025974025974026;0.24025974025974026;0.0;0.0;0.0;0.0;0.0;0.0;0.987012987012987;0.0;1.051948051948052;0.0
18;9;196;0001;81;0.43209876543209874;0.3950617283950617;0.037037037037037035;0.5679012345679012;0.5308641975308642;0.0;0.0;0.0;0.0;0.0;0.0;2.7901234567901234;0.0;1.5925925925925926;0.0
18;12;197;0001;733;0.4583901773533424;0.42155525238744884;0.036834924965893585;0.5416098226466576;0.03274215552523874;0.0;0.0;0.0;0.0;0.0;0.0;0.24283765347885403;0.0;0.13369713506139155;0.0
18;12;197;0002;880;0.5159090909090909;0.4943181818181818;0.02159090909090909;0.48409090909090907;0.04090909090909091;0.0;0.0;0.0;0.0;0.0;0.0;0.3386363636363636;0.0;0.1625;0.0
18;12;197;0003;999;0.4874874874874875;0.45845845845845845;0.02902902902902903;0.5125125125125125;0.04904904904904905;0.0;0.0;0.0;0.0;0.0;0.0;0.35535535535535534;0.0;0.17517517517517517;0.0
18;12;197;0004;956;0.4895397489539749;0.4592050209205021;0.030334728033472803;0.5104602510460251;0.028242677824267783;0.0;0.0;0.0;0.0;0.0;0.0;0.2510460251046025;0.0;0.11715481171548117;0.0
18;12;197;0005;800;0.41875;0.38875;0.03;0.58125;0.0475;0.0;0.0;0.0;0.0;0.0;0.0;0.2025;0.0;0.1375;0.0
18;12;197;0006;901;0.4794672586015538;0.45394006659267483;0.025527192008879023;0.5205327413984462;0.05549389567147614;0.0;0.0;0.0;0.0;0.0;0.0;0.46503884572697;0.0;0.24306326304106549;0.0
18;12;197;0007;780;0.5448717948717948;0.5153846153846153;0.029487179487179487;0.4551282051282051;0.029487179487179487;0.0;0.0;0.0;0.0;0.0;0.0;0.18461538461538463;0.0;0.09230769230769231;0.0
18;12;197;0008;901;0.3973362930077691;0.3706992230854606;0.026637069922308545;0.6026637069922308;0.0;0.0;0.0;0.13429522752497225;0.25305216426193117;0.09988901220865705;0.0;0.27192008879023305;0.0;0.0;0.0
18;12;197;0009;728;0.44368131868131866;0.42032967032967034;0.023351648351648352;0.5563186813186813;0.0;0.0;0.0;0.038461538461538464;0.04532967032967033;0.013736263736263736;0.0;0.06456043956043957;0.0;0.0;0.0
18;7;198;0001;287;0.5574912891986062;0.5296167247386759;0.027874564459930314;0.4425087108013937;0.0;0.0;0.0;0.08362369337979095;0.2264808362369338;0.08710801393728224;0.0;0.28222996515679444;0.0;0.0;0.0
18;8;199;0001;214;0.5420560747663551;0.49065420560747663;0.0514018691588785;0.45794392523364486;0.0;0.0;0.0;0.1542056074766355;0.5794392523364486;0.22897196261682243;0.0;0.48598130841121495;0.0;0.0;0.0
18;16;200;0001;259;0.555984555984556;0.5444015444015444;0.011583011583011582;0.444015444015444;0.0;0.0;0.0;0.04247104247104247;0.10424710424710425;0.05791505791505792;0.0;0.1274131274131274;0.0;0.0;0.0
18;17;201;0001;532;0.4849624060150376;0.4605263157894737;0.02443609022556391;0.5150375939849624;0.0;0.0;0.0;0.19736842105263158;0.325187969924812;0.08270676691729323;0.0;0.6240601503759399;0.0;0.0;0.0
18;14;202;0001;34;0.5882352941176471;0.5294117647058824;0.058823529411764705;0.4117647058823529;0.0;0.0;0.0;0.9705882352941176;0.5294117647058824;0.6176470588235294;0.0;0.8235294117647058;0.0;0.0;0.0
18;8;203;0001;87;0.47126436781609193;0.4482758620689655;0.022988505747126436;0.5287356321839081;0.0;0.0;0.0;0.20689655172413793;0.22988505747126436;0.12643678160919541;0.0;0.41379310344827586;0.0;0.0;0.0
18;9;204;0001;252;0.5595238095238095;0.5317460317460317;0.027777777777777776;0.44047619047619047;0.0;0.0;0.0;0.1388888888888889;0.21825396825396826;0.07539682539682539;0.0;0.2777777777777778;0.0;0.0;0.0
18;13;205;0001;1010;0.4207920792079208;0.3940594059405941;0.026732673267326732;0.5792079207920792;0.0;0.0;0.0;0.08217821782178218;0.041584158415841586;0.047524752475247525;0.0;0.053465346534653464;0.0;0.0;0.0
18;13;205;0002;668;0.4745508982035928;0.4491017964071856;0.025449101796407185;0.5254491017964071;0.0;0.0;0.0;0.03293413173652695;0.040419161676646706;0.029940119760479042;0.0;0.0718562874251497;0.0;0.0;0.0
18;13;205;0003;1019;0.49656526005888124;0.4681059862610402;0.02845927379784102;0.5034347399411188;0.0;0.0;0.0;0.0323846908734053;0.02453385672227674;0.02747791952894995;0.0;0.06280667320902845;0.0;0.0;0.0
18;13;205;0004;1123;0.5351736420302761;0.5155832591273375;0.019590382902938557;0.46482635796972394;0.0;0.0;0.0;0.04096170970614425;0.04541406945681211;0.041852181656277826;0.0;0.03383793410507569;0.0;0.0;0.0
18;13;205;0005;792;0.5063131313131313;0.47853535353535354;0.027777777777777776;0.4936868686868687;0.0;0.0;0.0;0.10353535353535354;0.13005050505050506;0.04924242424242424;0.0;0.16035353535353536;0.0;0.0;0.0
18;13;205;0006;726;0.44214876033057854;0.42699724517906334;0.015151515151515152;0.5578512396694215;0.0;0.0;0.0;0.0013774104683195593;0.0;0.005509641873278237;0.0;0.01790633608815427;0.0;0.0;0.0
18;13;205;0007;1390;0.5244604316546763;0.4949640287769784;0.029496402877697843;0.47553956834532374;0.0;0.0;0.0;0.06474820143884892;0.06546762589928058;0.060431654676258995;0.0;0.06402877697841726;0.0;0.0;0.0
18;13;205;0008;500;0.518;0.478;0.04;0.482;0.0;0.0;0.0;0.232;0.208;0.136;0.0;0.124;0.0;0.0;0.0
18;15;206;0001;665;0.5383458646616541;0.5112781954887218;0.02706766917293233;0.4616541353383459;0.0;0.0;0.0;0.19548872180451127;0.13984962406015036;0.11578947368421053;0.0;0.07819548872180451;0.0;0.0;0.0
18;15;206;0002;513;0.4873294346978557;0.4678362573099415;0.01949317738791423;0.5126705653021443;0.0;0.0;0.0;0.25146198830409355;0.16374269005847952;0.16569200779727095;0.0;0.0935672514619883;0.0;0.0;0.0
18;7;207;0001;1118;0.45796064400715564;0.44364937388193204;0.014311270125223614;0.5420393559928444;0.0;0.0;0.0;0.12701252236135957;0.0885509838998211;0.10644007155635063;0.0;0.08139534883720931;0.0;0.0;0.0
18;7;207;0002;1030;0.4087378640776699;0.3864077669902913;0.02233009708737864;0.5912621359223301;0.0;0.0;0.0;0.03398058252427184;0.04757281553398058;0.04174757281553398;0.0;0.05339805825242718;0.0;0.0;0.0
18;7;207;0003;919;0.545157780195865;0.5168661588683352;0.028291621327529923;0.4548422198041349;0.0;0.0;0.0;0.08922742110990206;0.1458106637649619;0.0794341675734494;0.0;0.16430903155603918;0.0;0.0;0.0
18;7;207;0004;904;0.45353982300884954;0.4303097345132743;0.023230088495575223;0.5464601769911505;0.0;0.0;0.0;0.030973451327433628;0.06526548672566372;0.034292035398230086;0.0;0.07743362831858407;0.0;0.0;0.0
18;7;207;0005;857;0.4492415402567094;0.4224037339556593;0.026837806301050177;0.5507584597432905;0.0;0.0;0.0;0.01750291715285881;0.050175029171528586;0.059509918319719954;0.0;0.042007001166861145;0.0;0.0;0.0
18;7;207;0006;146;0.5068493150684932;0.4726027397260274;0.03424657534246575;0.4931506849315068;0.0;0.0;0.0;0.21232876712328766;0.9041095890410958;0.589041095890411;0.0;0.7808219178082192;0.0;0.0;0.0
18;16;208;0001;350;0.5514285714285714;0.52;0.03142857142857143;0.44857142857142857;0.0;0.0;0.0;0.07142857142857142;0.3171428571428571;0.5028571428571429;0.0;0.3742857142857143;0.0;0.0;0.0
18;8;209;0001;352;0.6647727272727273;0.6448863636363636;0.019886363636363636;0.3352272727272727;0.0;0.0;0.0;0.07386363636363637;0.2585227272727273;0.3778409090909091;0.0;0.3125;0.0;0.0;0.0
18;19;210;0001;464;0.584051724137931;0.5560344827586207;0.028017241379310345;0.41594827586206895;0.0;0.0;0.0;0.07112068965517242;0.2478448275862069;0.1206896551724138;0.0;0.2349137931034483;0.0;0.0;0.0
18;15;211;0001;552;0.5036231884057971;0.46557971014492755;0.03804347826086957;0.4963768115942029;0.0;0.0;0.0;0.034420289855072464;0.1539855072463768;0.10869565217391304;0.0;0.1793478260869565;0.0;0.0;0.0
18;9;212;0001;459;0.5163398692810458;0.5010893246187363;0.015250544662309368;0.48366013071895425;0.0;0.0;0.0;0.04139433551198257;0.11764705882352941;0.3660130718954248;0.0;0.19825708061002179;0.0;0.0;0.0
18;14;213;0001;693;0.556998556998557;0.5108225108225108;0.046176046176046176;0.443001443001443;0.0;0.0;0.0;0.027417027417027416;0.05916305916305916;0.03896103896103896;0.0;0.15584415584415584;0.0;0.0;0.0
18;14;213;0002;705;0.5177304964539007;0.49645390070921985;0.02127659574468085;0.48226950354609927;0.0;0.0;0.0;0.05673758865248227;0.09929078014184398;0.20709219858156028;0.0;0.11914893617021277;0.0;0.0;0.0
18;14;213;0003;767;0.49934810951760106;0.4589308996088657;0.04041720990873533;0.500651890482399;0.0;0.0;0.0;0.02346805736636245;0.09126466753585398;0.1121251629726206;0.0;0.08604954367666232;0.0;0.0;0.0
18;14;213;0004;695;0.5280575539568345;0.497841726618705;0.030215827338129497;0.4719424460431655;0.0;0.0;0.0;0.02877697841726619;0.09928057553956834;0.11366906474820145;0.0;0.12805755395683452;0.0;0.0;0.0
18;14;213;0005;797;0.5859473023839398;0.5658720200752823;0.020075282308657464;0.41405269761606023;0.0;0.0;0.0;0.06524466750313676;0.04015056461731493;0.04642409033877039;0.0;0.05144291091593475;0.0;0.0;0.0
18;19;214;0001;496;0.5887096774193549;0.5685483870967742;0.020161290322580645;0.4112903225806452;0.0;0.0;0.0;0.04838709677419355;0.21975806451612903;0.12903225806451613;0.0;0.5362903225806451;0.0;0.0;0.0
18;10;215;0001;143;0.5384615384615384;0.5244755244755245;0.013986013986013986;0.46153846153846156;0.0;0.0;0.0;0.13286713286713286;0.6503496503496503;0.2937062937062937;0.0;1.7132867132867133;0.0;0.0;0.0
18;8;216;0001;452;0.6061946902654868;0.5907079646017699;0.015486725663716814;0.3938053097345133;0.0;0.0;0.0;0.03761061946902655;0.1902654867256637;0.14380530973451328;0.0;0.3252212389380531;0.0;0.0;0.0
18;8;217;0001;152;0.6118421052631579;0.5855263157894737;0.02631578947368421;0.3881578947368421;0.0;0.0;0.0;0.24342105263157895;1.0394736842105263;0.8881578947368421;0.0;1.013157894736842;0.0;0.0;0.0
18;17;218;0001;483;0.5238095238095238;0.5031055900621118;0.020703933747412008;0.47619047619047616;0.0;0.0;0.0;0.060041407867494824;0.20082815734989648;0.17598343685300208;0.0;0.15942028985507245;0.0;0.0;0.0
18;15;219;0001;309;0.5436893203883495;0.5242718446601942;0.019417475728155338;0.4563106796116505;0.0;0.0;0.0;0.2524271844660194;0.3592233009708738;0.11974110032362459;0.0;0.511326860841424;0.0;0.0;0.0
18;2;220;0001;312;0.532051282051282;0.4935897435897436;0.038461538461538464;0.46794871794871795;0.0;0.0;0.0;0.20512820512820512;0.44871794871794873;0.10897435897435898;0.0;0.38782051282051283;0.0;0.0;0.0
18;17;221;0001;222;0.581081081081081;0.5180180180180181;0.06306306306306306;0.4189189189189189;0.0;0.0;0.0;0.16216216216216217;0.31981981981981983;0.16216216216216217;0.0;0.26126126126126126;0.0;0.0;0.0
18;17;222;0001;23;0.6956521739130435;0.6956521739130435;0.0;0.30434782608695654;0.0;0.0;0.391304347826087;0.0;1.0;1.2173913043478262;0.0;0.9130434782608695;0.0;0.0;0.0
18;15;223;0001;786;0.6157760814249363;0.589058524173028;0.026717557251908396;0.3842239185750636;0.0;0.0;0.05979643765903308;0.0;0.1717557251908397;0.07760814249363868;0.0;0.14885496183206107;0.0;0.0;0.0
18;15;223;0002;801;0.5318352059925093;0.49812734082397003;0.033707865168539325;0.4681647940074906;0.0;0.0;0.009987515605493134;0.0;0.08239700374531835;0.05867665418227216;0.0;0.07865168539325842;0.0;0.0;0.0
18;2;224;0001;261;0.5172413793103449;0.4904214559386973;0.02681992337164751;0.4827586206896552;0.0;0.0;0.05747126436781609;0.0;0.28735632183908044;0.5019157088122606;0.0;0.6436781609195402;0.0;0.0;0.0
18;8;225;0001;210;0.5571428571428572;0.5333333333333333;0.023809523809523808;0.44285714285714284;0.0;0.0;0.16666666666666666;0.0;0.7904761904761904;1.1047619047619048;0.0;0.6571428571428571;0.0;0.0;0.0
18;14;226;0001;321;0.6105919003115264;0.5669781931464174;0.04361370716510903;0.3894080996884735;0.0;0.0;0.021806853582554516;0.0;0.08722741433021806;0.07476635514018691;0.0;0.32398753894080995;0.0;0.0;0.0
18;1;227;0001;204;0.5833333333333334;0.5637254901960784;0.0196078431372549;0.4166666666666667;0.0;0.0;0.029411764705882353;0.0;0.16176470588235295;0.08823529411764706;0.0;0.30392156862745096;0.0;0.0;0.0
18;19;228;0001;181;0.6795580110497238;0.5966850828729282;0.08287292817679558;0.32044198895027626;0.0;0.0;0.08287292817679558;0.0;0.19889502762430938;0.06077348066298342;0.0;0.18232044198895028;0.0;0.0;0.0
18;15;229;0001;489;0.656441717791411;0.6441717791411042;0.012269938650306749;0.34355828220858897;0.0;0.0;0.016359918200409;0.0;0.13496932515337423;0.19222903885480572;0.0;0.12678936605316973;0.0;0.0;0.0
18;8;230;0001;245;0.6122448979591837;0.5673469387755102;0.044897959183673466;0.3877551020408163;0.0;0.0;0.02857142857142857;0.0;0.1469387755102041;0.061224489795918366;0.0;0.12244897959183673;0.0;0.0;0.0
18;9;231;0001;588;0.5085034013605442;0.48639455782312924;0.022108843537414966;0.4914965986394558;0.0;0.0;0.02040816326530612;0.0;0.061224489795918366;0.0391156462585034;0.0;0.11734693877551021;0.0;0.0;0.0
18;8;232;0001;218;0.555045871559633;0.5321100917431193;0.022935779816513763;0.44495412844036697;0.0;0.0;0.01834862385321101;0.0;0.09174311926605505;0.04128440366972477;0.0;0.13761467889908258;0.0;0.0;0.0
18;16;233;0001;1167;0.5269922879177378;0.5029991431019709;0.023993144815766924;0.4730077120822622;0.0;0.0;0.011996572407883462;0.0;0.031705227077977724;0.022279348757497857;0.0;0.055698371893744644;0.0;0.0;0.0
18;8;234;0001;382;0.5392670157068062;0.5209424083769634;0.01832460732984293;0.4607329842931937;0.0;0.0;0.0549738219895288;0.0;0.23036649214659685;0.12827225130890052;0.0;0.15968586387434555;0.0;0.0;0.0
18;14;235;0001;924;0.5010822510822511;0.47619047619047616;0.024891774891774892;0.4989177489177489;0.0;0.0;0.032467532467532464;0.0;0.1590909090909091;0.18181818181818182;0.0;0.13528138528138528;0.0;0.0;0.0
18;17;236;0001;95;0.5157894736842106;0.4842105263157895;0.031578947368421054;0.4842105263157895;0.0;0.0;0.24210526315789474;0.0;0.631578947368421;0.35789473684210527;0.0;0.9789473684210527;0.0;0.0;0.0
18;11;237;0001;356;0.5617977528089888;0.5252808988764045;0.03651685393258427;0.43820224719101125;0.0;0.0;0.06741573033707865;0.0;0.12359550561797752;0.10674157303370786;0.0;0.10112359550561797;0.0;0.0;0.0
18;8;238;0001;102;0.5980392156862745;0.5588235294117647;0.0392156862745098;0.4019607843137255;0.0;0.0;0.09803921568627451;0.0;0.45098039215686275;0.6176470588235294;0.0;0.11764705882352941;0.0;0.0;0.0
18;2;239;0001;143;0.5664335664335665;0.5524475524475524;0.013986013986013986;0.43356643356643354;0.0;0.0;0.08391608391608392;0.0;0.38461538461538464;0.14685314685314685;0.0;0.3706293706293706;0.0;0.0;0.0
18;2;240;0001;568;0.5352112676056338;0.5070422535211268;0.028169014084507043;0.4647887323943662;0.0;0.0;0.02992957746478873;0.0;0.09859154929577464;0.10211267605633803;0.0;0.0897887323943662;0.0;0.0;0.0
18;16;241;0001;810;0.5395061728395062;0.528395061728395;0.011111111111111112;0.4604938271604938;0.0;0.0;0.06172839506172839;0.0;0.2506172839506173;0.1345679012345679;0.0;0.2777777777777778;0.0;0.0;0.0
18;16;241;0002;143;0.6223776223776224;0.5944055944055944;0.027972027972027972;0.3776223776223776;0.0;0.0;0.2937062937062937;0.0;0.6853146853146853;0.7132867132867133;0.0;1.3006993006993006;0.0;0.0;0.0
18;16;241;0003;69;0.7246376811594203;0.6521739130434783;0.07246376811594203;0.2753623188405797;0.0;0.0;0.014492753623188406;0.0;0.21739130434782608;0.13043478260869565;0.0;0.8695652173913043;0.0;0.0;0.0
18;9;242;0001;1145;0.5179039301310043;0.485589519650655;0.032314410480349345;0.4820960698689956;0.0;0.0;0.004366812227074236;0.0;0.00960698689956332;0.008733624454148471;0.0;0.016593886462882096;0.0;0.0;0.0
18;9;242;0002;1128;0.5345744680851063;0.5035460992907801;0.03102836879432624;0.4654255319148936;0.0;0.0;0.018617021276595744;0.0;0.06471631205673758;0.04343971631205674;0.0;0.05230496453900709;0.0;0.0;0.0
18;16;243;0001;381;0.5485564304461942;0.5301837270341208;0.01837270341207349;0.45144356955380577;0.0;0.0;0.08661417322834646;0.0;0.33858267716535434;0.31758530183727035;0.0;0.28608923884514437;0.0;0.0;0.0
18;7;244;0001;64;0.734375;0.65625;0.078125;0.265625;0.0;0.0;0.28125;0.0;0.984375;0.3125;0.0;1.078125;0.0;0.0;0.0
18;8;245;0001;341;0.6363636363636364;0.6158357771260997;0.020527859237536656;0.36363636363636365;0.0;0.0;0.08211143695014662;0.0;0.10850439882697947;0.1378299120234604;0.0;0.07331378299120235;0.0;0.0;0.0
18;16;246;0001;769;0.5318595578673602;0.5097529258777633;0.022106631989596878;0.4681404421326398;0.0;0.0;0.007802340702210663;0.0;0.10143042912873862;0.28608582574772434;0.0;0.06371911573472042;0.0;0.0;0.0
18;2;247;0001;494;0.5587044534412956;0.5344129554655871;0.024291497975708502;0.44129554655870445;0.0;0.0;0.05668016194331984;0.0;0.17408906882591094;0.10323886639676114;0.0;0.23076923076923078;0.0;0.0;0.0
18;17;248;0001;322;0.5962732919254659;0.5714285714285714;0.024844720496894408;0.40372670807453415;0.0;0.0;0.059006211180124224;0.0;0.13975155279503104;0.13664596273291926;0.0;0.10559006211180125;0.0;0.0;0.0
18;16;249;0001;330;0.5272727272727272;0.5151515151515151;0.012121212121212121;0.4727272727272727;0.0;0.0;0.03333333333333333;0.0;0.13333333333333333;0.09393939393939393;0.0;0.1484848484848485;0.0;0.0;0.0
18;17;250;0001;55;0.6;0.5454545454545454;0.05454545454545454;0.4;0.0;0.0;0.03636363636363636;0.0;0.32727272727272727;0.07272727272727272;0.0;0.2727272727272727;0.0;0.0;0.0
18;2;251;0001;50;0.64;0.58;0.06;0.36;0.0;0.0;0.2;0.0;1.94;1.72;0.0;2.32;0.0;0.0;0.0
18;8;252;0001;292;0.5787671232876712;0.5205479452054794;0.05821917808219178;0.4212328767123288;0.0;0.0;0.08561643835616438;0.0;0.19863013698630136;0.1643835616438356;0.0;0.4075342465753425;0.0;0.0;0.0
18;14;253;0001;343;0.5830903790087464;0.5481049562682215;0.03498542274052478;0.41690962099125367;0.0;0.0;0.01749271137026239;0.0;0.06705539358600583;0.052478134110787174;0.0;0.3236151603498542;0.0;0.0;0.0
18;17;254;0001;507;0.4812623274161736;0.46548323471400394;0.015779092702169626;0.5187376725838264;0.0;0.0;0.021696252465483234;0.0;0.06903353057199212;0.10059171597633136;0.0;0.023668639053254437;0.0;0.0;0.0
18;7;255;0001;726;0.5192837465564738;0.48622589531680444;0.03305785123966942;0.4807162534435262;0.0;0.0;0.027548209366391185;0.0;0.0743801652892562;0.027548209366391185;0.0;0.081267217630854;0.0;0.0;0.0
18;16;256;0001;259;0.5521235521235521;0.528957528957529;0.023166023166023165;0.44787644787644787;0.0;0.0;0.0;0.07335907335907337;0.11583011583011583;0.0888030888030888;0.0;0.12355212355212356;0.0;0.0;0.0
18;16;257;0001;546;0.6648351648351648;0.6465201465201466;0.018315018315018316;0.33516483516483514;0.0;0.0;0.0;0.047619047619047616;0.1043956043956044;0.06043956043956044;0.0;0.08608058608058608;0.0;0.0;0.0
18;16;258;0001;531;0.5706214689265536;0.5254237288135594;0.04519774011299435;0.4293785310734463;0.0;0.0;0.0;0.02448210922787194;0.0583804143126177;0.013182674199623353;0.0;0.04519774011299435;0.0;0.0;0.0
18;16;259;0001;246;0.6260162601626016;0.5772357723577236;0.04878048780487805;0.37398373983739835;0.0;0.0;0.0;0.2682926829268293;0.3333333333333333;0.14634146341463414;0.0;0.3333333333333333;0.0;0.0;0.0
18;10;260;0001;61;0.6721311475409836;0.639344262295082;0.03278688524590164;0.32786885245901637;0.0;0.0;0.0;1.1147540983606556;0.8360655737704918;0.5409836065573771;0.0;1.721311475409836;0.0;0.0;0.0
18;9;261;0001;335;0.6208955223880597;0.6;0.020895522388059702;0.37910447761194027;0.0;0.0;0.0;0.05373134328358209;0.06865671641791045;0.03880597014925373;0.0;0.05970149253731343;0.0;0.0;0.0
18;16;262;0001;279;0.4982078853046595;0.4838709677419355;0.014336917562724014;0.5017921146953405;0.0;0.0;0.0;0.08960573476702509;0.1111111111111111;0.03225806451612903;0.0;0.10752688172043011;0.0;0.0;0.0
18;19;263;0001;472;0.6228813559322034;0.597457627118644;0.025423728813559324;0.3771186440677966;0.0;0.0;0.0;0.012711864406779662;0.0211864406779661;0.03389830508474576;0.0;0.01694915254237288;0.0;0.0;0.0
18;16;264;0001;73;0.6301369863013698;0.5342465753424658;0.0958904109589041;0.3698630136986301;0.0;0.0;0.0;0.3424657534246575;0.3013698630136986;0.3013698630136986;0.0;0.1643835616438356;0.0;0.0;0.0
18;10;265;0001;576;0.5295138888888888;0.5086805555555556;0.020833333333333332;0.4704861111111111;0.0;0.0;0.0;0.0798611111111111;0.2204861111111111;0.3663194444444444;0.0;0.1857638888888889;0.0;0.0;0.0
18;8;266;0001;268;0.7052238805970149;0.6828358208955224;0.022388059701492536;0.2947761194029851;0.0;0.0;0.0;0.03731343283582089;0.11194029850746269;0.07462686567164178;0.0;0.1044776119402985;0.0;0.0;0.0
18;17;267;0001;936;0.5876068376068376;0.5470085470085471;0.0405982905982906;0.41239316239316237;0.0;0.0;0.0;0.038461538461538464;0.08226495726495726;0.0641025641025641;0.0;0.23076923076923078;0.0;0.0;0.0
18;17;267;0002;745;0.5597315436241611;0.5328859060402684;0.026845637583892617;0.44026845637583895;0.0;0.0;0.0;0.038926174496644296;0.08859060402684564;0.08322147651006712;0.0;0.24563758389261744;0.0;0.0;0.0
18;17;267;0003;740;0.5527027027027027;0.527027027027027;0.025675675675675677;0.4472972972972973;0.0;0.0;0.0;0.07027027027027027;0.10810810810810811;0.06351351351351352;0.0;0.0891891891891892;0.0;0.0;0.0
18;17;267;0004;851;0.5428907168037603;0.5158636897767332;0.02702702702702703;0.4571092831962397;0.0;0.0;0.0;0.0399529964747356;0.08578143360752057;0.0481786133960047;0.0;0.11163337250293771;0.0;0.0;0.0
18;17;268;0001;291;0.5154639175257731;0.47766323024054985;0.037800687285223365;0.4845360824742268;0.0;0.0;0.0;0.09278350515463918;0.15807560137457044;0.07216494845360824;0.0;0.07216494845360824;0.0;0.0;0.0
18;16;269;0001;583;0.548885077186964;0.5300171526586621;0.018867924528301886;0.451114922813036;0.0;0.0;0.0;0.0;0.00686106346483705;0.005145797598627788;0.0;0.015437392795883362;0.0;0.0;0.0
18;17;270;0001;560;0.5142857142857142;0.4857142857142857;0.02857142857142857;0.4857142857142857;0.0;0.0;0.0;0.017857142857142856;0.019642857142857142;0.017857142857142856;0.0;0.026785714285714284;0.0;0.0;0.0
18;15;271;0001;1028;0.4961089494163424;0.4708171206225681;0.02529182879377432;0.5038910505836576;0.0;0.0;0.0;0.029182879377431907;0.0622568093385214;0.04182879377431906;0.0;0.04571984435797665;0.0;0.0;0.0
18;16;272;0001;460;0.5717391304347826;0.5434782608695652;0.02826086956521739;0.4282608695652174;0.0;0.0;0.0;0.002173913043478261;0.01956521739130435;0.01956521739130435;0.0;0.02391304347826087;0.0;0.0;0.0
18;17;273;0001;648;0.5385802469135802;0.4984567901234568;0.040123456790123455;0.46141975308641975;0.0;0.0;0.0;0.04938271604938271;0.11419753086419752;0.11419753086419752;0.0;0.08641975308641975;0.0;0.0;0.0
18;16;274;0001;273;0.608058608058608;0.5787545787545788;0.029304029304029304;0.39194139194139194;0.0;0.0;0.0;0.5384615384615384;0.38095238095238093;0.3553113553113553;0.0;0.6007326007326007;0.0;0.0;0.0
18;9;275;0001;127;0.5590551181102362;0.5118110236220472;0.047244094488188976;0.4409448818897638;0.0;0.0;0.0;1.078740157480315;0.7401574803149606;0.48031496062992124;0.0;0.8267716535433071;0.0;0.0;0.0
18;9;276;0001;139;0.6474820143884892;0.6187050359712231;0.02877697841726619;0.35251798561151076;0.0;0.0;0.0;1.1007194244604317;0.5755395683453237;0.3381294964028777;0.0;0.7913669064748201;0.0;0.0;0.0
18;9;277;0001;39;0.5641025641025641;0.5384615384615384;0.02564102564102564;0.4358974358974359;0.0;0.0;0.0;3.0256410256410255;2.9743589743589745;2.076923076923077;0.0;3.1794871794871793;0.0;0.0;0.0
18;8;278;0001;396;0.5808080808080808;0.5580808080808081;0.022727272727272728;0.41919191919191917;0.0;0.0;0.0;0.09343434343434344;0.12626262626262627;0.05303030303030303;0.0;0.07828282828282829;0.0;0.0;0.0
18;19;279;0001;625;0.3792;0.3728;0.0064;0.6208;0.0;0.0;0.0;0.0944;0.1312;0.1232;0.0;0.0864;0.0;0.0;0.0
18;19;279;0002;630;0.43174603174603177;0.4095238095238095;0.022222222222222223;0.5682539682539682;0.0;0.0;0.0;0.09365079365079365;0.15396825396825398;0.0761904761904762;0.0;0.18888888888888888;0.0;0.0;0.0
18;19;279;0003;884;0.4445701357466063;0.41855203619909503;0.026018099547511313;0.5554298642533937;0.0;0.0;0.0;0.020361990950226245;0.03506787330316742;0.019230769230769232;0.0;0.030542986425339366;0.0;0.0;0.0
18;18;279;0004;730;0.4328767123287671;0.4136986301369863;0.019178082191780823;0.5671232876712329;0.0;0.012328767123287671;0.0;0.11506849315068493;0.13972602739726028;0.045205479452054796;0.10136986301369863;0.0;0.0;0.0;0.0
18;18;279;0005;736;0.5149456521739131;0.485054347826087;0.029891304347826088;0.485054347826087;0.0;0.010869565217391304;0.0;0.125;0.15625;0.08831521739130435;0.10461956521739131;0.0;0.0;0.0;0.0
18;18;279;0006;752;0.511968085106383;0.4867021276595745;0.02526595744680851;0.488031914893617;0.0;0.013297872340425532;0.0;0.1848404255319149;0.15159574468085107;0.04654255319148936;0.09042553191489362;0.0;0.0;0.0;0.0
18;18;279;0007;777;0.4967824967824968;0.4723294723294723;0.02445302445302445;0.5032175032175032;0.0;0.014157014157014158;0.0;0.1364221364221364;0.11840411840411841;0.06306306306306306;0.1402831402831403;0.0;0.0;0.0;0.0
18;18;279;0008;604;0.46357615894039733;0.44370860927152317;0.019867549668874173;0.5364238410596026;0.0;0.011589403973509934;0.0;0.1076158940397351;0.12086092715231789;0.0695364238410596;0.13410596026490065;0.0;0.0;0.0;0.0
18;18;279;0009;728;0.4697802197802198;0.42857142857142855;0.04120879120879121;0.5302197802197802;0.0;0.016483516483516484;0.0;0.1510989010989011;0.09478021978021978;0.0673076923076923;0.0989010989010989;0.0;0.0;0.0;0.0
18;19;279;0010;780;0.4858974358974359;0.45384615384615384;0.03205128205128205;0.514102564102564;0.0;0.03333333333333333;0.0;0.11923076923076924;0.16153846153846155;0.05384615384615385;0.10512820512820513;0.0;0.0;0.0;0.0
18;19;279;0011;840;0.46785714285714286;0.44166666666666665;0.02619047619047619;0.5321428571428571;0.0;0.014285714285714285;0.0;0.09047619047619047;0.1;0.04642857142857143;0.0988095238095238;0.0;0.0;0.0;0.0
18;18;279;0012;799;0.47684605757196497;0.4618272841051314;0.015018773466833541;0.523153942428035;0.0;0.012515644555694618;0.0;0.08260325406758448;0.08010012515644556;0.030037546933667083;0.04505632040050062;0.0;0.0;0.0;0.0
18;19;279;0013;296;0.40540540540540543;0.375;0.030405405405405407;0.5945945945945946;0.0;0.04391891891891892;0.0;0.43243243243243246;0.33783783783783783;0.14189189189189189;0.28040540540540543;0.0;0.0;0.0;0.0
18;18;279;0014;610;0.4934426229508197;0.4819672131147541;0.011475409836065573;0.5065573770491804;0.0;0.00819672131147541;0.0;0.21147540983606558;0.1;0.036065573770491806;0.07049180327868852;0.0;0.0;0.0;0.0
18;18;279;0015;446;0.4551569506726457;0.4484304932735426;0.006726457399103139;0.5448430493273543;0.0;0.008968609865470852;0.0;0.19506726457399104;0.11883408071748879;0.07623318385650224;0.10762331838565023;0.0;0.0;0.0;0.0
18;18;279;0016;862;0.4396751740139211;0.4245939675174014;0.015081206496519721;0.5603248259860789;0.0;0.0069605568445475635;0.0;0.16009280742459397;0.07308584686774942;0.033642691415313224;0.052204176334106726;0.0;0.0;0.0;0.0
18;19;279;0017;534;0.45880149812734083;0.4307116104868914;0.028089887640449437;0.5411985018726592;0.0;0.04119850187265917;0.0;0.2397003745318352;0.16666666666666666;0.1254681647940075;0.18352059925093633;0.0;0.0;0.0;0.0
18;18;279;0018;677;0.4032496307237814;0.38404726735598227;0.019202363367799114;0.5967503692762186;0.0;0.01624815361890694;0.0;0.17872968980797638;0.1536189069423929;0.06499261447562776;0.10930576070901034;0.0;0.0;0.0;0.0
18;18;279;0019;559;0.4257602862254025;0.40429338103756707;0.02146690518783542;0.5742397137745975;0.0;0.005366726296958855;0.0;0.06440071556350627;0.04830053667262969;0.057245080500894455;0.016100178890876567;0.0;0.0;0.0;0.0
18;19;279;0020;683;0.4802342606149341;0.4465592972181552;0.03367496339677892;0.5197657393850659;0.0;0.010248901903367497;0.0;0.11566617862371889;0.2005856515373353;0.036603221083455345;0.10688140556368961;0.0;0.0;0.0;0.0
18;19;279;0021;792;0.5391414141414141;0.5037878787878788;0.03535353535353535;0.46085858585858586;0.0;0.023989898989898988;0.0;0.3851010101010101;0.22348484848484848;0.03787878787878788;0.07323232323232323;0.0;0.0;0.0;0.0
18;19;279;0022;809;0.519159456118665;0.4907292954264524;0.02843016069221261;0.48084054388133496;0.0;0.019777503090234856;0.0;0.07911001236093942;0.1557478368355995;0.0407911001236094;0.04326328800988875;0.0;0.0;0.0;0.0
18;19;279;0023;759;0.5217391304347826;0.4874835309617918;0.034255599472990776;0.4782608695652174;0.0;0.005270092226613966;0.0;0.052700922266139656;0.077733860342556;0.013175230566534914;0.01844532279314888;0.0;0.0;0.0;0.0
18;19;279;0024;468;0.344017094017094;0.3269230769230769;0.017094017094017096;0.655982905982906;0.0;0.00641025641025641;0.0;0.22435897435897437;0.21581196581196582;0.038461538461538464;0.06623931623931624;0.0;0.0;0.0;0.0
18;18;279;0025;662;0.44561933534743203;0.4244712990936556;0.021148036253776436;0.554380664652568;0.0;0.015105740181268883;0.0;0.18126888217522658;0.13141993957703926;0.04682779456193353;0.0513595166163142;0.0;0.0;0.0;0.0
18;18;279;0026;898;0.4665924276169265;0.44988864142538976;0.01670378619153675;0.5334075723830735;0.0;0.004454342984409799;0.0;0.051224944320712694;0.034521158129175944;0.011135857461024499;0.01893095768374165;0.0;0.0;0.0;0.0
18;18;279;0027;839;0.4433849821215733;0.42193087008343266;0.021454112038140644;0.5566150178784267;0.0;0.004767580452920143;0.0;0.15971394517282478;0.1263408820023838;0.010727056019070322;0.03456495828367104;0.0;0.0;0.0;0.0
18;15;280;0001;560;0.5357142857142857;0.5142857142857142;0.02142857142857143;0.4642857142857143;0.0;0.019642857142857142;0.0;0.12321428571428572;0.14642857142857144;0.02857142857142857;0.09821428571428571;0.0;0.0;0.0;0.0
18;15;281;0001;748;0.5240641711229946;0.5133689839572193;0.0106951871657754;0.47593582887700536;0.0;0.01871657754010695;0.0;0.09090909090909091;0.10294117647058823;0.045454545454545456;0.08689839572192513;0.0;0.0;0.0;0.0
18;15;281;0002;743;0.5047106325706595;0.4831763122476447;0.021534320323014805;0.4952893674293405;0.0;0.006729475100942127;0.0;0.17362045760430686;0.17362045760430686;0.04576043068640646;0.09825033647375504;0.0;0.0;0.0;0.0
18;2;282;0001;434;0.6175115207373272;0.5806451612903226;0.03686635944700461;0.3824884792626728;0.0;0.027649769585253458;0.0;0.2557603686635945;0.2695852534562212;0.07834101382488479;0.18433179723502305;0.0;0.0;0.0;0.0
18;8;283;0001;80;0.4625;0.45;0.0125;0.5375;0.0;0.225;0.0;1.25;1.4875;0.5;1.175;0.0;0.0;0.0;0.0
18;16;284;0001;178;0.6348314606741573;0.6123595505617978;0.02247191011235955;0.3651685393258427;0.0;0.0056179775280898875;0.0;0.16292134831460675;0.23595505617977527;0.07303370786516854;0.14606741573033707;0.0;0.0;0.0;0.0
18;7;285;0001;335;0.46567164179104475;0.4388059701492537;0.026865671641791045;0.5343283582089552;0.0;0.029850746268656716;0.0;0.22686567164179106;0.1701492537313433;0.07761194029850746;0.18208955223880596;0.0;0.0;0.0;0.0
18;2;286;0001;353;0.6685552407932012;0.6487252124645893;0.019830028328611898;0.3314447592067989;0.0;0.019830028328611898;0.0;0.2804532577903683;0.26912181303116145;0.07365439093484419;0.22096317280453256;0.0;0.0;0.0;0.0
18;16;287;0001;266;0.631578947368421;0.575187969924812;0.05639097744360902;0.3684210526315789;0.0;0.03007518796992481;0.0;0.6278195488721805;0.4849624060150376;0.07518796992481203;0.2819548872180451;0.0;0.0;0.0;0.0
18;17;288;0001;186;0.543010752688172;0.5;0.043010752688172046;0.45698924731182794;0.0;0.05913978494623656;0.0;1.032258064516129;0.5698924731182796;0.14516129032258066;0.3279569892473118;0.0;0.0;0.0;0.0
18;2;289;0001;389;0.596401028277635;0.583547557840617;0.012853470437017995;0.40359897172236503;0.0;0.02313624678663239;0.0;0.3264781491002571;0.2442159383033419;0.08997429305912596;0.26735218508997427;0.0;0.0;0.0;0.0
18;15;290;0001;384;0.5625;0.5234375;0.0390625;0.4375;0.0;0.010416666666666666;0.0;0.09375;0.11979166666666667;0.044270833333333336;0.13020833333333334;0.0;0.0;0.0;0.0
