CODDPT;CODCAN;CODSUBCOM;CODBURVOT;NBRINS;%ABS/INS;%BLCNUL/VOT;%EXP/VOT;BC-DLF;BC-DVD;BC-DVG;BC-FG;BC-FN;BC-SOC;BC-UC;BC-UD;BC-UDI;BC-UG;BC-UMP
18;15;1;0001;300;0.5066666666666667;0.02027027027027027;0.9797297297297297;0.0;0.0;0.0;0.19310344827586207;0.7517241379310344;0.32413793103448274;0.0;1.696551724137931;0.0;0.0;0.0
18;8;2;0001;155;0.45161290322580644;0.07058823529411765;0.9294117647058824;0.0;0.0;0.0;0.45569620253164556;1.6708860759493671;0.6455696202531646;0.0;3.4556962025316458;0.0;0.0;0.0
18;14;3;0001;1323;0.45351473922902497;0.05394190871369295;0.946058091286307;0.0;0.0;0.0;0.054093567251461985;0.1652046783625731;0.05701754385964912;0.0;0.2880116959064328;0.0;0.0;0.0
18;15;4;0001;801;0.5205992509363296;0.0546875;0.9453125;0.0;0.0;0.0;0.14049586776859505;0.36639118457300274;0.09917355371900827;0.0;0.5730027548209367;0.0;0.0;0.0
18;11;5;0001;744;0.5120967741935484;0.0743801652892562;0.9256198347107438;0.0;0.0;0.0;0.24404761904761904;0.40773809523809523;0.18154761904761904;0.0;0.8214285714285714;0.0;0.0;0.0
18;17;6;0001;213;0.49765258215962443;0.028037383177570093;0.9719626168224299;0.0;0.0;0.0;0.47115384615384615;1.0384615384615385;0.41346153846153844;0.0;2.355769230769231;0.0;0.0;0.0
18;10;7;0001;72;0.4722222222222222;0.02631578947368421;0.9736842105263158;0.0;0.0;0.0;1.5675675675675675;3.0;1.1081081081081081;0.0;4.8108108108108105;0.0;0.0;0.0
18;17;8;0001;361;0.49584487534626037;0.1043956043956044;0.8956043956043956;0.0;0.0;0.0;0.24539877300613497;1.0797546012269938;0.4049079754601227;0.0;1.1104294478527608;0.0;0.0;0.0
18;8;9;0001;239;0.47280334728033474;0.023809523809523808;0.9761904761904762;0.0;0.0;0.0;0.21138211382113822;1.08130081300813;0.3821138211382114;0.0;1.910569105691057;0.0;0.0;0.0
18;8;10;0001;163;0.3987730061349693;0.05102040816326531;0.9489795918367347;0.0;0.0;0.0;0.3548387096774194;0.978494623655914;0.3010752688172043;0.0;1.2795698924731183;0.0;0.0;0.0
18;1;11;0001;841;0.47443519619500596;0.027149321266968326;0.9728506787330317;0.0;0.0;0.0;0.03488372093023256;0.29767441860465116;0.09069767441860466;0.0;0.29069767441860467;0.0;0.0;0.0
18;1;11;0002;933;0.45980707395498394;0.023809523809523808;0.9761904761904762;0.0;0.0;0.0;0.016260162601626018;0.08130081300813008;0.022357723577235773;0.0;0.11788617886178862;0.0;0.0;0.0
18;2;12;0001;352;0.5198863636363636;0.04142011834319527;0.9585798816568047;0.0;0.0;0.0;0.2962962962962963;0.5555555555555556;0.1111111111111111;0.0;0.7592592592592593;0.0;0.0;0.0
18;9;13;0001;263;0.5551330798479087;0.05128205128205128;0.9487179487179487;0.0;0.0;0.0;0.09009009009009009;0.3783783783783784;0.07207207207207207;0.0;0.44144144144144143;0.0;0.0;0.0
18;16;14;0001;153;0.46405228758169936;0.012195121951219513;0.9878048780487805;0.0;0.0;0.0;0.49382716049382713;0.7160493827160493;0.48148148148148145;0.0;1.2345679012345678;0.0;0.0;0.0
18;1;15;0001;835;0.5173652694610779;0.04218362282878412;0.9578163771712159;0.0;0.0;0.0;0.09844559585492228;0.31865284974093266;0.14507772020725387;0.0;0.40932642487046633;0.0;0.0;0.0
18;1;15;0002;846;0.47044917257683216;0.044642857142857144;0.9553571428571429;0.0;0.0;0.0;0.1939252336448598;0.45794392523364486;0.11682242990654206;0.0;0.37616822429906543;0.0;0.0;0.0
18;1;15;0003;929;0.3756727664155005;0.041379310344827586;0.9586206896551724;0.0;0.0;0.0;0.030575539568345324;0.20863309352517986;0.06294964028776978;0.0;0.25539568345323743;0.0;0.0;0.0
18;1;15;0004;849;0.45111896348645464;0.045064377682403435;0.9549356223175965;0.0;0.0;0.0;0.020224719101123594;0.1101123595505618;0.033707865168539325;0.0;0.0853932584269663;0.0;0.0;0.0
18;1;15;0005;767;0.45632333767926986;0.06954436450839328;0.9304556354916067;0.0;0.0;0.0;0.002577319587628866;0.07731958762886598;0.03608247422680412;0.0;0.18041237113402062;0.0;0.0;0.0
18;14;16;0001;276;0.5471014492753623;0.056;0.944;0.0;0.0;0.2033898305084746;0.0;0.5084745762711864;0.4067796610169492;0.0;0.2542372881355932;0.0;0.0;0.0
18;9;17;0001;237;0.350210970464135;0.032467532467532464;0.9675324675324676;0.0;0.0;0.28187919463087246;0.0;1.6711409395973154;1.5503355704697988;0.0;1.0671140939597314;0.0;0.0;0.0
18;2;18;0001;1397;0.4881889763779528;0.04755244755244755;0.9524475524475524;0.0;0.0;0.030837004405286344;0.0;0.19383259911894274;0.302496328928047;0.0;0.37151248164464024;0.0;0.0;0.0
18;14;19;0001;360;0.44722222222222224;0.020100502512562814;0.9798994974874372;0.0;0.0;0.5128205128205128;0.0;0.4564102564102564;0.1794871794871795;0.0;0.15384615384615385;0.0;0.0;0.0
18;16;20;0001;671;0.4396423248882265;0.0425531914893617;0.9574468085106383;0.0;0.0;0.14722222222222223;0.0;0.25833333333333336;0.2222222222222222;0.0;0.13333333333333333;0.0;0.0;0.0
18;9;21;0001;218;0.3302752293577982;0.07534246575342465;0.9246575342465754;0.0;0.0;0.3037037037037037;0.0;0.6444444444444445;0.2962962962962963;0.0;0.43703703703703706;0.0;0.0;0.0
18;16;22;0001;303;0.38283828382838286;0.016042780748663103;0.983957219251337;0.0;0.0;0.07065217391304347;0.0;0.16847826086956522;0.17391304347826086;0.0;0.2554347826086957;0.0;0.0;0.0
18;2;23;0001;1019;0.38959764474975467;0.01607717041800643;0.9839228295819936;0.0;0.0;0.024509803921568627;0.0;0.07026143790849673;0.07026143790849673;0.0;0.024509803921568627;0.0;0.0;0.0
18;8;24;0001;85;0.27058823529411763;0.06451612903225806;0.9354838709677419;0.0;0.0;0.08620689655172414;0.0;0.15517241379310345;0.27586206896551724;0.0;0.15517241379310345;0.0;0.0;0.0
18;2;25;0001;522;0.4942528735632184;0.03787878787878788;0.9621212121212122;0.0;0.0;0.04330708661417323;0.0;0.1968503937007874;0.23228346456692914;0.0;0.11811023622047244;0.0;0.0;0.0
18;16;26;0001;721;0.43411927877947293;0.04656862745098039;0.9534313725490197;0.0;0.0;0.043701799485861184;0.0;0.14910025706940874;0.09511568123393316;0.0;0.07969151670951156;0.0;0.0;0.0
18;2;27;0001;455;0.37142857142857144;0.04195804195804196;0.958041958041958;0.0;0.0;0.0364963503649635;0.0;0.17153284671532848;0.15328467153284672;0.0;0.17883211678832117;0.0;0.0;0.0
18;11;28;0001;857;0.5134189031505251;0.05515587529976019;0.9448441247002398;0.0;0.0;0.025380710659898477;0.0;0.22588832487309646;0.3680203045685279;0.0;0.2233502538071066;0.0;0.0;0.0
18;9;29;0001;268;0.4552238805970149;0.08904109589041095;0.910958904109589;0.0;0.0;0.022556390977443608;0.0;0.20300751879699247;0.15789473684210525;0.0;0.2781954887218045;0.0;0.0;0.0
18;1;30;0001;944;0.475635593220339;0.06464646464646465;0.9353535353535354;0.0;0.0;0.008639308855291577;0.0;0.047516198704103674;0.017278617710583154;0.0;0.04535637149028078;0.0;0.0;0.0
18;10;31;0001;442;0.4683257918552036;0.08085106382978724;0.9191489361702128;0.0;0.0;0.06018518518518518;0.0;0.25;0.13425925925925927;0.0;0.2175925925925926;0.0;0.0;0.0
18;16;32;0001;1117;0.4691136974037601;0.03709949409780776;0.9629005059021922;0.0;0.0;0.008756567425569177;0.0;0.02626970227670753;0.0297723292469352;0.0;0.047285464098073555;0.0;0.0;0.0
18;6;33;0001;696;0.5272988505747126;0.0790273556231003;0.9209726443768997;0.0;0.0;0.1848184818481848;0.0;0.41254125412541254;0.2871287128712871;0.0;0.3564356435643564;0.0;0.0;0.0
18;6;33;0002;708;0.5225988700564972;0.08579881656804733;0.9142011834319527;0.0;0.0;0.022653721682847898;0.0;0.07119741100323625;0.07119741100323625;0.0;0.045307443365695796;0.0;0.0;0.0
18;6;33;0003;667;0.5667166416791605;0.10034602076124567;0.8996539792387543;0.0;0.0;0.07307692307692308;0.0;0.2846153846153846;0.2;0.0;0.12307692307692308;0.0;0.0;0.0
18;5;33;0004;814;0.5184275184275184;0.08163265306122448;0.9183673469387755;0.0;0.0;0.016666666666666666;0.0;0.11944444444444445;0.075;0.0;0.04722222222222222;0.0;0.0;0.0
18;5;33;0005;790;0.5417721518987342;0.0718232044198895;0.9281767955801105;0.0;0.0;0.005952380952380952;0.0;0.005952380952380952;0.023809523809523808;0.0;0.047619047619047616;0.0;0.0;0.0
18;5;33;0006;782;0.551150895140665;0.06552706552706553;0.9344729344729344;0.0;0.0;0.01524390243902439;0.0;0.054878048780487805;0.06097560975609756;0.0;0.12195121951219512;0.0;0.0;0.0
18;5;33;0007;789;0.5956907477820025;0.109717868338558;0.890282131661442;0.0;0.0;0.31338028169014087;0.0;0.3908450704225352;0.12323943661971831;0.0;0.10211267605633803;0.0;0.0;0.0
18;5;33;0008;785;0.5222929936305732;0.096;0.904;0.0;0.0;0.0943952802359882;0.0;0.21238938053097345;0.20943952802359883;0.0;0.26548672566371684;0.0;0.0;0.0
18;6;33;0009;740;0.6243243243243243;0.14388489208633093;0.8561151079136691;0.0;0.0;0.05042016806722689;0.0;0.14285714285714285;0.2184873949579832;0.0;0.3949579831932773;0.0;0.0;0.0
18;6;33;0010;643;0.5069984447900466;0.0946372239747634;0.9053627760252366;0.0;0.0;0.05574912891986063;0.0;0.08710801393728224;0.07665505226480836;0.0;0.06620209059233449;0.0;0.0;0.0
18;6;33;0011;696;0.5043103448275862;0.12173913043478261;0.8782608695652174;0.0;0.0;0.0462046204620462;0.0;0.132013201320132;0.10231023102310231;0.0;0.0891089108910891;0.0;0.0;0.0
18;6;33;0012;588;0.564625850340136;0.13671875;0.86328125;0.0;0.0;0.14479638009049775;0.0;0.2850678733031674;0.1583710407239819;0.0;0.1085972850678733;0.0;0.0;0.0
18;6;33;0013;100;0.5;0.14;0.86;0.0;0.0;0.3023255813953488;0.0;1.0930232558139534;0.8372093023255814;0.0;0.7441860465116279;0.0;0.0;0.0
18;6;33;0014;654;0.5626911314984709;0.10139860139860139;0.8986013986013986;0.0;0.0;0.019455252918287938;0.0;0.0933852140077821;0.11673151750972763;0.0;0.07782101167315175;0.0;0.0;0.0
18;6;33;0015;654;0.5749235474006116;0.09712230215827339;0.9028776978417267;0.0;0.0;0.08764940239043825;0.0;0.3665338645418327;0.3346613545816733;0.0;0.35856573705179284;0.0;0.0;0.0
18;6;33;0016;585;0.5333333333333333;0.08424908424908426;0.9157509157509157;0.0;0.0;0.084;0.0;0.348;0.36;0.0;0.264;0.0;0.0;0.0
18;6;33;0017;691;0.5050651230101303;0.11988304093567251;0.8801169590643275;0.0;0.0;0.013289036544850499;0.0;0.013289036544850499;0.013289036544850499;0.0;0.05647840531561462;0.0;0.0;0.0
18;6;33;0018;622;0.5064308681672026;0.14006514657980457;0.8599348534201955;0.0;0.0;0.0946969696969697;0.0;0.23106060606060605;0.3712121212121212;0.0;0.25757575757575757;0.0;0.0;0.0
18;6;33;0019;671;0.511177347242921;0.1524390243902439;0.8475609756097561;0.0;0.0;0.0539568345323741;0.0;0.19784172661870503;0.39568345323741005;0.0;0.17625899280575538;0.0;0.0;0.0
18;3;33;0020;761;0.5282522996057819;0.0807799442896936;0.9192200557103064;0.0;0.0;0.05454545454545454;0.0;0.2515151515151515;0.22121212121212122;0.0;0.1606060606060606;0.0;0.0;0.0
18;3;33;0021;771;0.5369649805447471;0.06162464985994398;0.938375350140056;0.0;0.0;0.16119402985074627;0.0;0.25970149253731345;0.3641791044776119;0.0;0.2;0.0;0.0;0.0
18;3;33;0022;760;0.7315789473684211;0.0784313725490196;0.9215686274509803;0.0;0.0;0.2393617021276596;0.0;0.3882978723404255;0.574468085106383;0.0;0.5797872340425532;0.0;0.0;0.0
18;3;33;0023;763;0.5583224115334207;0.0830860534124629;0.9169139465875371;0.0;0.0;0.09385113268608414;0.0;0.1715210355987055;0.23948220064724918;0.0;0.10355987055016182;0.0;0.0;0.0
18;3;33;0024;766;0.489556135770235;0.0741687979539642;0.9258312020460358;0.0;0.0;0.11602209944751381;0.0;0.19060773480662985;0.3397790055248619;0.0;0.20718232044198895;0.0;0.0;0.0
18;3;33;0025;792;0.4797979797979798;0.07766990291262135;0.9223300970873787;0.0;0.0;0.1368421052631579;0.0;0.21842105263157896;0.36578947368421055;0.0;0.23157894736842105;0.0;0.0;0.0
18;3;33;0026;686;0.5276967930029155;0.06481481481481481;0.9351851851851852;0.0;0.0;0.10561056105610561;0.0;0.30033003300330036;0.3927392739273927;0.0;0.45544554455445546;0.0;0.0;0.0
18;3;33;0027;754;0.5265251989389921;0.05322128851540616;0.9467787114845938;0.0;0.0;0.14497041420118342;0.0;0.17159763313609466;0.30177514792899407;0.0;0.2781065088757396;0.0;0.0;0.0
18;3;33;0028;756;0.4973544973544973;0.08421052631578947;0.9157894736842105;0.0;0.0;0.13218390804597702;0.0;0.1724137931034483;0.3045977011494253;0.0;0.3620689655172414;0.0;0.0;0.0
18;3;33;0029;765;0.515032679738562;0.08086253369272237;0.9191374663072777;0.0;0.0;0.17595307917888564;0.0;0.1436950146627566;0.4222873900293255;0.0;0.2785923753665689;0.0;0.0;0.0
18;3;33;0030;831;0.5547533092659447;0.06486486486486487;0.9351351351351351;0.0;0.0;0.18208092485549132;0.0;0.18497109826589594;0.3699421965317919;0.0;0.24855491329479767;0.0;0.0;0.0
18;3;33;0031;632;0.47468354430379744;0.05120481927710843;0.9487951807228916;0.0;0.0;0.16507936507936508;0.0;0.30158730158730157;0.3492063492063492;0.0;0.28253968253968254;0.0;0.0;0.0
18;3;33;0032;638;0.49059561128526646;0.036923076923076927;0.963076923076923;0.0;0.0;0.12140575079872204;0.0;0.19808306709265175;0.34185303514376997;0.0;0.3450479233226837;0.0;0.0;0.0
18;3;33;0033;708;0.6016949152542372;0.09219858156028368;0.9078014184397163;0.0;0.0;0.16015625;0.0;0.32421875;0.34375;0.0;0.39453125;0.0;0.0;0.0
18;6;33;0034;639;0.5477308294209703;0.10034602076124567;0.8996539792387543;0.0;0.0;0.13846153846153847;0.0;0.3038461538461538;0.2923076923076923;0.0;0.25;0.0;0.0;0.0
18;6;33;0035;481;0.5384615384615384;0.11261261261261261;0.8873873873873874;0.0;0.0;0.20304568527918782;0.0;0.41116751269035534;0.4873096446700508;0.0;0.4467005076142132;0.0;0.0;0.0
18;6;33;0036;458;0.5851528384279476;0.13157894736842105;0.868421052631579;0.0;0.0;0.3090909090909091;0.0;0.38181818181818183;0.8181818181818182;0.0;0.7696969696969697;0.0;0.0;0.0
18;3;33;0037;690;0.5028985507246376;0.11078717201166181;0.8892128279883382;0.0;0.0;0.21639344262295082;0.0;0.15737704918032788;0.33114754098360655;0.0;0.34098360655737703;0.0;0.0;0.0
18;3;33;0038;693;0.4213564213564214;0.06234413965087282;0.9376558603491272;0.0;0.11170212765957446;0.0;0.14095744680851063;0.0;0.22340425531914893;0.0;0.13829787234042554;0.0;0.0;0.0
18;3;33;0039;710;0.5056338028169014;0.09116809116809117;0.9088319088319088;0.0;0.11285266457680251;0.0;0.18181818181818182;0.0;0.28213166144200624;0.0;0.10344827586206896;0.0;0.0;0.0
18;6;33;0040;751;0.5619174434087882;0.0972644376899696;0.9027355623100304;0.0;0.12457912457912458;0.0;0.18181818181818182;0.0;0.3569023569023569;0.0;0.30976430976430974;0.0;0.0;0.0
18;6;33;0041;754;0.5769230769230769;0.09404388714733543;0.9059561128526645;0.0;0.10034602076124567;0.0;0.18685121107266436;0.0;0.3356401384083045;0.0;0.1384083044982699;0.0;0.0;0.0
18;4;33;0042;651;0.6036866359447005;0.10465116279069768;0.8953488372093024;0.0;0.15151515151515152;0.0;0.19480519480519481;0.0;0.3463203463203463;0.0;0.4025974025974026;0.0;0.0;0.0
18;4;33;0043;593;0.5986509274873525;0.08823529411764706;0.9117647058823529;0.0;0.2073732718894009;0.0;0.22580645161290322;0.0;0.5023041474654378;0.0;0.5668202764976958;0.0;0.0;0.0
18;4;33;0044;713;0.5301542776998598;0.1373134328358209;0.8626865671641791;0.0;0.18339100346020762;0.0;0.15916955017301038;0.0;0.29411764705882354;0.0;0.3356401384083045;0.0;0.0;0.0
18;4;33;0045;675;0.6281481481481481;0.12350597609561753;0.8764940239043825;0.0;0.14545454545454545;0.0;0.18181818181818182;0.0;0.34545454545454546;0.0;0.24545454545454545;0.0;0.0;0.0
18;4;33;0046;678;0.5766961651917404;0.11846689895470383;0.8815331010452961;0.0;0.1541501976284585;0.0;0.18181818181818182;0.0;0.2885375494071146;0.0;0.23715415019762845;0.0;0.0;0.0
18;4;33;0047;723;0.5172890733056709;0.0659025787965616;0.9340974212034384;0.0;0.09815950920245399;0.0;0.27607361963190186;0.0;0.1411042944785276;0.0;0.147239263803681;0.0;0.0;0.0
18;4;33;0048;726;0.5771349862258953;0.08469055374592833;0.9153094462540716;0.0;0.10320284697508897;0.0;0.4128113879003559;0.0;0.16725978647686832;0.0;0.12455516014234876;0.0;0.0;0.0
18;4;33;0049;682;0.6598240469208211;0.12931034482758622;0.8706896551724138;0.0;0.25742574257425743;0.0;0.25742574257425743;0.0;0.35148514851485146;0.0;0.43564356435643564;0.0;0.0;0.0
18;4;33;0050;683;0.6325036603221084;0.13147410358565736;0.8685258964143426;0.0;0.28440366972477066;0.0;0.3165137614678899;0.0;0.3761467889908257;0.0;0.28440366972477066;0.0;0.0;0.0
18;5;33;0051;812;0.5615763546798029;0.05056179775280899;0.949438202247191;0.0;0.16568047337278108;0.0;0.26627218934911245;0.0;0.1893491124260355;0.0;0.20414201183431951;0.0;0.0;0.0
18;5;33;0052;824;0.6565533980582524;0.0706713780918728;0.9293286219081273;0.0;0.17490494296577946;0.0;0.376425855513308;0.0;0.26996197718631176;0.0;0.17110266159695817;0.0;0.0;0.0
18;5;33;0053;814;0.7371007371007371;0.10747663551401869;0.8925233644859814;0.0;0.0;0.0;0.25654450261780104;0.2356020942408377;0.6282722513089005;0.0;0.7643979057591623;0.0;0.0;0.0
18;5;33;0054;811;0.5906288532675709;0.0963855421686747;0.9036144578313253;0.0;0.0;0.0;0.15666666666666668;0.3;0.30666666666666664;0.0;0.3566666666666667;0.0;0.0;0.0
18;5;33;0055;819;0.4713064713064713;0.057736720554272515;0.9422632794457275;0.0;0.0;0.0;0.18872549019607843;0.125;0.2426470588235294;0.0;0.24754901960784315;0.0;0.0;0.0
18;5;33;0056;610;0.7442622950819672;0.05128205128205128;0.9487179487179487;0.0;0.0;0.0;0.30405405405405406;0.43243243243243246;0.5472972972972973;0.0;0.6351351351351351;0.0;0.0;0.0
18;5;33;0057;662;0.6268882175226587;0.08097165991902834;0.9190283400809717;0.0;0.0;0.0;0.22026431718061673;0.28193832599118945;0.41409691629955947;0.0;0.5770925110132159;0.0;0.0;0.0
18;5;33;0058;654;0.5336391437308868;0.07868852459016394;0.921311475409836;0.0;0.0;0.0;0.13167259786476868;0.2526690391459075;0.4306049822064057;0.0;0.3879003558718861;0.0;0.0;0.0
18;4;33;0059;697;0.6556671449067432;0.1;0.9;0.0;0.0;0.0;0.22685185185185186;0.2916666666666667;0.4027777777777778;0.0;0.2962962962962963;0.0;0.0;0.0
18;4;33;0060;713;0.6325385694249649;0.13358778625954199;0.8664122137404581;0.0;0.0;0.0;0.15418502202643172;0.22466960352422907;0.29515418502202645;0.0;0.16740088105726872;0.0;0.0;0.0
18;4;33;0061;733;0.572987721691678;0.1597444089456869;0.8402555910543131;0.0;0.0;0.0;0.12167300380228137;0.21292775665399238;0.3650190114068441;0.0;0.44106463878326996;0.0;0.0;0.0
18;4;33;0062;714;0.5798319327731093;0.08333333333333333;0.9166666666666666;0.0;0.0;0.0;0.1709090909090909;0.33090909090909093;0.43636363636363634;0.0;0.5454545454545454;0.0;0.0;0.0
18;4;33;0063;731;0.5499316005471956;0.1519756838905775;0.8480243161094225;0.0;0.0;0.0;0.08960573476702509;0.1863799283154122;0.16845878136200718;0.0;0.08602150537634409;0.0;0.0;0.0
18;4;33;0064;706;0.5609065155807366;0.15806451612903225;0.8419354838709677;0.0;0.0;0.0;0.1417624521072797;0.17624521072796934;0.27586206896551724;0.0;0.27586206896551724;0.0;0.0;0.0
18;12;34;0001;257;0.43190661478599224;0.14383561643835616;0.8561643835616438;0.0;0.0;0.0;0.304;0.544;0.52;0.0;0.88;0.0;0.0;0.0
18;14;35;0001;621;0.47665056360708535;0.046153846153846156;0.9538461538461539;0.0;0.0;0.15161290322580645;0.0;0.0;0.2161290322580645;0.0;0.6096774193548387;0.0;0.0;0.0
18;11;36;0001;454;0.41629955947136565;0.04905660377358491;0.9509433962264151;0.0;0.0;0.11904761904761904;0.0;0.0;0.29365079365079366;0.0;0.8134920634920635;0.0;0.0;0.0
18;1;37;0001;896;0.47879464285714285;0.055674518201284794;0.9443254817987152;0.0;0.0;0.061224489795918366;0.0;0.0;0.16326530612244897;0.0;0.36507936507936506;0.0;0.0;0.0
18;12;38;0001;432;0.4351851851851852;0.06557377049180328;0.9344262295081968;0.0;0.0;0.25;0.0;0.0;0.35526315789473684;0.0;0.43859649122807015;0.0;0.0;0.0
18;16;39;0001;284;0.4014084507042254;0.041176470588235294;0.9588235294117647;0.0;0.0;0.34355828220858897;0.0;0.0;0.4171779141104294;0.0;1.0;0.0;0.0;0.0
18;9;40;0001;275;0.4509090909090909;0.046357615894039736;0.9536423841059603;0.0;0.0;0.2777777777777778;0.0;0.0;0.4861111111111111;0.0;1.3402777777777777;0.0;0.0;0.0
18;8;41;0001;155;0.4645161290322581;0.03614457831325301;0.963855421686747;0.0;0.0;0.35;0.0;0.0;0.6875;0.0;1.725;0.0;0.0;0.0
18;12;42;0001;266;0.47368421052631576;0.05;0.95;0.0;0.0;0.14285714285714285;0.0;0.0;0.12030075187969924;0.0;0.06015037593984962;0.0;0.0;0.0
18;8;43;0001;150;0.24666666666666667;0.035398230088495575;0.9646017699115044;0.0;0.0;0.4954128440366973;0.0;0.0;0.6238532110091743;0.0;1.238532110091743;0.0;0.0;0.0
18;11;44;0001;270;0.46296296296296297;0.07586206896551724;0.9241379310344827;0.0;0.0;0.373134328358209;0.0;0.0;0.6716417910447762;0.0;0.8283582089552238;0.0;0.0;0.0
18;9;45;0001;312;0.4230769230769231;0.08888888888888889;0.9111111111111111;0.0;0.0;0.2073170731707317;0.0;0.0;0.39634146341463417;0.0;0.9207317073170732;0.0;0.0;0.0
18;17;46;0001;126;0.35714285714285715;0.07407407407407407;0.9259259259259259;0.0;0.0;0.7466666666666667;0.0;0.0;1.3733333333333333;0.0;1.8933333333333333;0.0;0.0;0.0
18;1;47;0001;500;0.412;0.0782312925170068;0.9217687074829932;0.0;0.0;0.12177121771217712;0.0;0.0;0.3025830258302583;0.0;0.5498154981549815;0.0;0.0;0.0
18;10;48;0001;305;0.5573770491803278;0.014814814814814815;0.9851851851851852;0.0;0.0;0.48872180451127817;0.0;0.0;0.6616541353383458;0.0;0.9398496240601504;0.0;0.0;0.0
18;2;49;0001;375;0.37333333333333335;0.03404255319148936;0.9659574468085106;0.0;0.0;0.14977973568281938;0.0;0.0;0.32158590308370044;0.0;0.6740088105726872;0.0;0.0;0.0
18;13;50;0001;1043;0.4784276126558006;0.03125;0.96875;0.0;0.0;0.07020872865275142;0.0;0.0;0.1252371916508539;0.0;0.17836812144212524;0.0;0.0;0.0
18;13;50;0002;937;0.4813233724653148;0.04938271604938271;0.9506172839506173;0.0;0.0;0.07142857142857142;0.0;0.0;0.12554112554112554;0.0;0.16017316017316016;0.0;0.0;0.0
18;13;50;0003;942;0.4681528662420382;0.0658682634730539;0.9341317365269461;0.0;0.0;0.10256410256410256;0.0;0.0;0.16025641025641027;0.0;0.3717948717948718;0.0;0.0;0.0
18;14;51;0001;143;0.3776223776223776;0.033707865168539325;0.9662921348314607;0.0;0.0;0.4883720930232558;0.0;0.0;0.9186046511627907;0.0;1.9534883720930232;0.0;0.0;0.0
18;9;52;0001;623;0.3996789727126806;0.0481283422459893;0.9518716577540107;0.0;0.0;0.0;0.3061797752808989;0.30337078651685395;0.10674157303370786;0.0;0.20224719101123595;0.0;0.0;0.0
18;9;52;0002;255;0.4549019607843137;0.02158273381294964;0.9784172661870504;0.0;0.0;0.0;0.5367647058823529;0.7058823529411765;0.29411764705882354;0.0;0.7352941176470589;0.0;0.0;0.0
18;2;53;0001;257;0.5019455252918288;0.0390625;0.9609375;0.0;0.0;0.0;0.0975609756097561;0.17073170731707318;0.032520325203252036;0.0;0.23577235772357724;0.0;0.0;0.0
18;10;54;0001;189;0.37566137566137564;0.05084745762711865;0.9491525423728814;0.0;0.0;0.0;0.9821428571428571;0.5535714285714286;0.21428571428571427;0.0;0.5178571428571429;0.0;0.0;0.0
18;7;55;0001;717;0.5188284518828452;0.05217391304347826;0.9478260869565217;0.0;0.0;0.0;0.1559633027522936;0.11314984709480122;0.06422018348623854;0.0;0.12538226299694188;0.0;0.0;0.0
18;2;56;0001;216;0.44907407407407407;0.025210084033613446;0.9747899159663865;0.0;0.0;0.0;0.6120689655172413;0.49137931034482757;0.2672413793103448;0.0;0.5344827586206896;0.0;0.0;0.0
18;8;57;0001;683;0.43484626647144947;0.046632124352331605;0.9533678756476683;0.0;0.0;0.0;0.19293478260869565;0.18478260869565216;0.11684782608695653;0.0;0.08423913043478261;0.0;0.0;0.0
18;8;57;0002;742;0.4555256064690027;0.07425742574257425;0.9257425742574258;0.0;0.0;0.0;0.19518716577540107;0.1497326203208556;0.1497326203208556;0.0;0.0962566844919786;0.0;0.0;0.0
18;17;58;0001;568;0.5052816901408451;0.05338078291814947;0.9466192170818505;0.0;0.0;0.0;0.09774436090225563;0.13909774436090225;0.041353383458646614;0.0;0.09022556390977443;0.0;0.0;0.0
18;17;58;0002;549;0.4936247723132969;0.07553956834532374;0.9244604316546763;0.0;0.0;0.0;0.08171206225680934;0.13618677042801555;0.09727626459143969;0.0;0.05058365758754864;0.0;0.0;0.0
18;8;59;0001;786;0.4211195928753181;0.05934065934065934;0.9406593406593406;0.0;0.0;0.0;0.056074766355140186;0.14719626168224298;0.0514018691588785;0.0;0.10046728971962617;0.0;0.0;0.0
18;9;60;0001;40;0.425;0.0;1.0;0.0;0.0;0.0;6.6521739130434785;4.434782608695652;3.130434782608696;0.0;7.3478260869565215;0.0;0.0;0.0
18;2;61;0001;85;0.5058823529411764;0.07142857142857142;0.9285714285714286;0.0;0.0;0.0;2.9743589743589745;2.3333333333333335;1.3333333333333333;0.0;3.5641025641025643;0.0;0.0;0.0
18;10;62;0001;234;0.49572649572649574;0.0423728813559322;0.9576271186440678;0.0;0.0;0.0;0.9911504424778761;0.8495575221238938;0.7522123893805309;0.0;1.6106194690265487;0.0;0.0;0.0
18;17;63;0001;139;0.4028776978417266;0.10843373493975904;0.891566265060241;0.0;0.0;0.0;1.6756756756756757;1.0;0.7567567567567568;0.0;1.8243243243243243;0.0;0.0;0.0
18;11;64;0001;166;0.40963855421686746;0.04081632653061224;0.9591836734693877;0.0;0.0;0.0;1.127659574468085;0.8936170212765957;0.3404255319148936;0.0;1.4893617021276595;0.0;0.0;0.0
18;8;65;0001;558;0.4390681003584229;0.0926517571884984;0.9073482428115016;0.0;0.0;0.0;0.045774647887323945;0.03169014084507042;0.0880281690140845;0.0;0.07746478873239436;0.0;0.0;0.0
18;7;66;0001;593;0.45193929173693087;0.04923076923076923;0.9507692307692308;0.0;0.0;0.0;0.042071197411003236;0.05501618122977346;0.012944983818770227;0.0;0.025889967637540454;0.0;0.0;0.0
18;7;66;0002;171;0.5847953216374269;0.07042253521126761;0.9295774647887324;0.0;0.0;0.0;1.0151515151515151;1.8333333333333333;1.0303030303030303;0.0;1.4696969696969697;0.0;0.0;0.0
18;1;67;0001;565;0.4424778761061947;0.025396825396825397;0.9746031746031746;0.0;0.0;0.0;0.1465798045602606;0.1237785016286645;0.06840390879478828;0.0;0.14006514657980457;0.0;0.0;0.0
18;9;68;0001;40;0.375;0.08;0.92;0.0;0.0;0.391304347826087;0.0;1.0434782608695652;0.391304347826087;0.0;1.608695652173913;0.0;0.0;0.0
18;12;69;0001;328;0.42378048780487804;0.1111111111111111;0.8888888888888888;0.0;0.0;0.13690476190476192;0.0;0.17857142857142858;0.16071428571428573;0.0;0.25595238095238093;0.0;0.0;0.0
18;16;70;0001;192;0.3697916666666667;0.01652892561983471;0.9834710743801653;0.0;0.0;0.09243697478991597;0.0;0.16806722689075632;0.2184873949579832;0.0;0.3025210084033613;0.0;0.0;0.0
18;9;71;0001;24;0.125;0.14285714285714285;0.8571428571428571;0.0;0.0;0.16666666666666666;0.0;0.7777777777777778;0.2777777777777778;0.0;2.0;0.0;0.0;0.0
18;10;72;0001;192;0.3697916666666667;0.0743801652892562;0.9256198347107438;0.0;0.0;0.026785714285714284;0.0;0.3482142857142857;0.125;0.0;0.21428571428571427;0.0;0.0;0.0
18;17;73;0001;179;0.4134078212290503;0.09523809523809523;0.9047619047619048;0.0;0.0;0.11578947368421053;0.0;0.2736842105263158;0.28421052631578947;0.0;0.47368421052631576;0.0;0.0;0.0
18;16;74;0001;168;0.4226190476190476;0.020618556701030927;0.979381443298969;0.0;0.0;0.28421052631578947;0.0;1.1263157894736842;1.4105263157894736;0.0;1.0526315789473684;0.0;0.0;0.0
18;10;75;0001;770;0.4623376623376623;0.06038647342995169;0.9396135265700483;0.0;0.0;0.07712082262210797;0.0;0.29562982005141386;0.26735218508997427;0.0;0.3213367609254499;0.0;0.0;0.0
18;9;76;0001;370;0.5108108108108108;0.06629834254143646;0.9337016574585635;0.0;0.0;0.11834319526627218;0.0;0.48520710059171596;0.5739644970414202;0.0;1.3550295857988166;0.0;0.0;0.0
18;2;77;0001;261;0.4061302681992337;0.03225806451612903;0.967741935483871;0.0;0.0;0.26;0.0;0.54;0.7466666666666667;0.0;0.3466666666666667;0.0;0.0;0.0
18;17;78;0001;60;0.3;0.047619047619047616;0.9523809523809523;0.0;0.0;0.375;0.0;2.55;1.475;0.0;2.85;0.0;0.0;0.0
18;16;79;0001;415;0.43614457831325304;0.017094017094017096;0.9829059829059829;0.0;0.0;0.06956521739130435;0.0;0.2608695652173913;0.09565217391304348;0.0;0.34347826086956523;0.0;0.0;0.0
18;10;80;0001;120;0.4083333333333333;0.056338028169014086;0.9436619718309859;0.0;0.0;0.05970149253731343;0.0;0.26865671641791045;0.07462686567164178;0.0;0.4925373134328358;0.0;0.0;0.0
18;2;81;0001;273;0.4542124542124542;0.040268456375838924;0.959731543624161;0.0;0.0;0.03496503496503497;0.0;0.5034965034965035;0.16783216783216784;0.0;0.3916083916083916;0.0;0.0;0.0
18;10;82;0001;857;0.46091015169194866;0.017316017316017316;0.9826839826839827;0.0;0.0;0.006607929515418502;0.0;0.07048458149779736;0.03524229074889868;0.0;0.07709251101321586;0.0;0.0;0.0
18;8;83;0001;557;0.4452423698384201;0.061488673139158574;0.9385113268608414;0.0;0.0;0.12413793103448276;0.0;0.39655172413793105;0.3448275862068966;0.0;0.27241379310344827;0.0;0.0;0.0
18;16;84;0001;174;0.45977011494252873;0.06382978723404255;0.9361702127659575;0.0;0.0;0.38636363636363635;0.0;1.125;0.7727272727272727;0.0;1.3295454545454546;0.0;0.0;0.0
18;19;85;0001;176;0.3409090909090909;0.07758620689655173;0.9224137931034483;0.0;0.0;0.17757009345794392;0.0;0.4485981308411215;0.1308411214953271;0.0;0.514018691588785;0.0;0.0;0.0
18;12;86;0001;439;0.40774487471526194;0.046153846153846156;0.9538461538461539;0.0;0.0;0.036290322580645164;0.0;0.16129032258064516;0.10483870967741936;0.0;0.1774193548387097;0.0;0.0;0.0
18;9;87;0001;1001;0.45754245754245754;0.06077348066298342;0.9392265193370166;0.0;0.0;0.021568627450980392;0.0;0.03529411764705882;0.027450980392156862;0.0;0.025490196078431372;0.0;0.0;0.0
18;9;87;0002;971;0.4603501544799176;0.05152671755725191;0.9484732824427481;0.0;0.0;0.026156941649899398;0.0;0.08853118712273642;0.08450704225352113;0.0;0.10663983903420524;0.0;0.0;0.0
18;9;87;0003;998;0.48096192384769537;0.03088803088803089;0.9691119691119691;0.0;0.0;0.00597609561752988;0.0;0.05179282868525897;0.03386454183266932;0.0;0.12350597609561753;0.0;0.0;0.0
18;1;88;0001;175;0.3142857142857143;0.025;0.975;0.0;0.0;0.1282051282051282;0.0;0.6410256410256411;0.3247863247863248;0.0;0.8034188034188035;0.0;0.0;0.0
18;8;89;0001;336;0.4494047619047619;0.043243243243243246;0.9567567567567568;0.0;0.0;0.062146892655367235;0.0;0.1807909604519774;0.1807909604519774;0.0;0.1807909604519774;0.0;0.0;0.0
18;2;90;0001;324;0.4783950617283951;0.1242603550295858;0.8757396449704142;0.0;0.0;0.12837837837837837;0.0;0.18243243243243243;0.25;0.0;0.21621621621621623;0.0;0.0;0.0
18;12;91;0001;159;0.36477987421383645;0.06930693069306931;0.9306930693069307;0.0;0.0;0.1276595744680851;0.0;0.4148936170212766;0.3191489361702128;0.0;0.2553191489361702;0.0;0.0;0.0
18;2;92;0001;651;0.4685099846390169;0.04046242774566474;0.9595375722543352;0.0;0.0;0.030120481927710843;0.0;0.03313253012048193;0.02108433734939759;0.0;0.03313253012048193;0.0;0.0;0.0
18;8;93;0001;112;0.4375;0.047619047619047616;0.9523809523809523;0.0;0.0;0.1;0.0;0.9833333333333333;0.45;0.0;2.25;0.0;0.0;0.0
18;16;94;0001;292;0.5034246575342466;0.034482758620689655;0.9655172413793104;0.0;0.0;0.09285714285714286;0.0;0.7428571428571429;0.39285714285714285;0.0;0.6785714285714286;0.0;0.0;0.0
18;10;95;0001;153;0.5294117647058824;0.041666666666666664;0.9583333333333334;0.0;0.0;0.07246376811594203;0.0;0.2898550724637681;0.15942028985507245;0.0;0.7681159420289855;0.0;0.0;0.0
18;11;96;0001;762;0.431758530183727;0.03233256351039261;0.9676674364896074;0.0;0.0;0.028639618138424822;0.0;0.11217183770883055;0.045346062052505964;0.0;0.081145584725537;0.0;0.0;0.0
18;11;96;0002;739;0.4709066305818674;0.03836317135549872;0.9616368286445013;0.0;0.0;0.03723404255319149;0.0;0.13031914893617022;0.11170212765957446;0.0;0.09042553191489362;0.0;0.0;0.0
18;15;97;0001;860;0.45348837209302323;0.0574468085106383;0.9425531914893617;0.0;0.0;0.01580135440180587;0.0;0.0744920993227991;0.040632054176072234;0.0;0.1309255079006772;0.0;0.0;0.0
18;15;97;0002;804;0.5124378109452736;0.08163265306122448;0.9183673469387755;0.0;0.0;0.08333333333333333;0.0;0.19444444444444445;0.10277777777777777;0.0;0.17222222222222222;0.0;0.0;0.0
18;16;98;0001;120;0.45;0.045454545454545456;0.9545454545454546;0.0;0.0;0.09523809523809523;0.0;0.2698412698412698;0.09523809523809523;0.0;0.4444444444444444;0.0;0.0;0.0
18;2;99;0001;176;0.44886363636363635;0.09278350515463918;0.9072164948453608;0.0;0.0;0.13636363636363635;0.0;0.6818181818181818;0.26136363636363635;0.0;1.3068181818181819;0.0;0.0;0.0
18;19;100;0001;568;0.36795774647887325;0.10584958217270195;0.8941504178272981;0.0;0.0;0.04672897196261682;0.0;0.19003115264797507;0.08411214953271028;0.0;0.1526479750778816;0.0;0.0;0.0
18;10;101;0001;286;0.47202797202797203;0.019867549668874173;0.9801324503311258;0.0;0.0;0.04054054054054054;0.0;0.3581081081081081;0.21621621621621623;0.0;0.6216216216216216;0.0;0.0;0.0
18;9;102;0001;239;0.4686192468619247;0.03937007874015748;0.9606299212598425;0.0;0.0;0.18032786885245902;0.0;0.5901639344262295;0.22131147540983606;0.0;0.819672131147541;0.0;0.0;0.0
18;19;103;0001;1039;0.40230991337824834;0.05152979066022544;0.9484702093397746;0.0;0.0;0.006791171477079796;0.0;0.027164685908319185;0.02037351443123939;0.0;0.006791171477079796;0.0;0.0;0.0
18;2;104;0001;121;0.5041322314049587;0.08333333333333333;0.9166666666666666;0.0;0.0;0.0;0.23636363636363636;0.5636363636363636;0.3090909090909091;0.0;0.9090909090909091;0.0;0.0;0.0
18;2;105;0001;265;0.44528301886792454;0.027210884353741496;0.9727891156462585;0.0;0.0;0.0;0.11888111888111888;0.3146853146853147;0.1258741258741259;0.0;0.4825174825174825;0.0;0.0;0.0
18;2;105;0002;90;0.23333333333333334;0.07246376811594203;0.927536231884058;0.0;0.0;0.0;0.265625;0.625;0.25;0.0;0.96875;0.0;0.0;0.0
18;9;106;0001;202;0.45544554455445546;0.03636363636363636;0.9636363636363636;0.0;0.0;0.0;0.1509433962264151;0.37735849056603776;0.08490566037735849;0.0;0.6415094339622641;0.0;0.0;0.0
18;12;107;0001;109;0.29357798165137616;0.06493506493506493;0.935064935064935;0.0;0.0;0.0;0.2777777777777778;0.6111111111111112;0.1527777777777778;0.0;0.9583333333333334;0.0;0.0;0.0
18;10;108;0001;1235;0.48663967611336034;0.04574132492113565;0.9542586750788643;0.0;0.0;0.0;0.024793388429752067;0.12396694214876033;0.03801652892561983;0.0;0.08429752066115702;0.0;0.0;0.0
18;10;108;0002;1409;0.5500354861603974;0.050473186119873815;0.9495268138801262;0.0;0.0;0.0;0.03986710963455149;0.14119601328903655;0.07807308970099668;0.0;0.33222591362126247;0.0;0.0;0.0
18;14;109;0001;1197;0.43859649122807015;0.026785714285714284;0.9732142857142857;0.0;0.0;0.0;0.01529051987767584;0.045871559633027525;0.035168195718654434;0.0;0.11162079510703364;0.0;0.0;0.0
18;14;109;0002;156;0.32051282051282054;0.05660377358490566;0.9433962264150944;0.0;0.0;0.0;0.07;0.1;0.03;0.0;0.03;0.0;0.0;0.0
18;2;110;0001;772;0.49352331606217614;0.03836317135549872;0.9616368286445013;0.0;0.0;0.0;0.005319148936170213;0.010638297872340425;0.010638297872340425;0.0;0.034574468085106384;0.0;0.0;0.0
18;14;111;0001;148;0.3918918918918919;0.05555555555555555;0.9444444444444444;0.0;0.0;0.0;0.023529411764705882;0.047058823529411764;0.0;0.0;0.1411764705882353;0.0;0.0;0.0
18;8;112;0001;275;0.41818181818181815;0.01875;0.98125;0.0;0.0;0.0;0.08917197452229299;0.4840764331210191;0.07006369426751592;0.0;0.43312101910828027;0.0;0.0;0.0
18;10;113;0001;132;0.44696969696969696;0.0410958904109589;0.958904109589041;0.0;0.0;0.0;0.8428571428571429;1.4142857142857144;0.9571428571428572;0.0;4.071428571428571;0.0;0.0;0.0
18;8;114;0001;163;0.44785276073619634;0.044444444444444446;0.9555555555555556;0.0;0.0;0.0;0.7093023255813954;1.2790697674418605;0.5697674418604651;0.0;3.2209302325581395;0.0;0.0;0.0
18;1;115;0001;627;0.529505582137161;0.05423728813559322;0.9457627118644067;0.0;0.0;0.0;0.3046594982078853;0.43010752688172044;0.2078853046594982;0.0;0.8566308243727598;0.0;0.0;0.0
18;16;116;0001;236;0.3898305084745763;0.013888888888888888;0.9861111111111112;0.0;0.0;0.0;0.19718309859154928;0.33098591549295775;0.14084507042253522;0.0;0.19014084507042253;0.0;0.0;0.0
18;16;117;0001;418;0.45933014354066987;0.030973451327433628;0.9690265486725663;0.0;0.0;0.0;0.0958904109589041;0.1598173515981735;0.0776255707762557;0.0;0.1506849315068493;0.0;0.0;0.0
18;10;118;0001;1090;0.5100917431192661;0.0599250936329588;0.9400749063670412;0.0;0.0;0.0;0.00597609561752988;0.03187250996015936;0.01593625498007968;0.0;0.053784860557768925;0.0;0.0;0.0
18;2;119;0001;148;0.5472972972972973;0.029850746268656716;0.9701492537313433;0.0;0.0;0.0;0.12307692307692308;1.123076923076923;1.523076923076923;0.0;0.6615384615384615;0.0;0.0;0.0
18;2;120;0001;299;0.3779264214046823;0.04838709677419355;0.9516129032258065;0.0;0.0;0.0;0.06779661016949153;0.22033898305084745;0.12429378531073447;0.0;0.24858757062146894;0.0;0.0;0.0
18;2;120;0002;161;0.39751552795031053;0.041237113402061855;0.9587628865979382;0.0;0.0;0.0;0.043010752688172046;0.3010752688172043;0.12903225806451613;0.0;0.40860215053763443;0.0;0.0;0.0
18;9;121;0001;100;0.45;0.01818181818181818;0.9818181818181818;0.0;0.0;0.0;0.1111111111111111;0.9074074074074074;0.2222222222222222;0.0;0.9259259259259259;0.0;0.0;0.0
18;17;122;0001;154;0.44805194805194803;0.047058823529411764;0.9529411764705882;0.0;0.0;0.0;0.012345679012345678;0.13580246913580246;0.024691358024691357;0.0;0.13580246913580246;0.0;0.0;0.0
18;2;123;0001;42;0.30952380952380953;0.034482758620689655;0.9655172413793104;0.0;0.0;0.0;0.10714285714285714;0.6071428571428571;0.2857142857142857;0.0;1.5714285714285714;0.0;0.0;0.0
18;11;124;0001;251;0.398406374501992;0.026490066225165563;0.9735099337748344;0.0;0.0;0.0;0.027210884353741496;0.17006802721088435;0.05442176870748299;0.0;0.23129251700680273;0.0;0.0;0.0
18;16;125;0001;997;0.5075225677031093;0.04276985743380855;0.9572301425661914;0.0;0.0;0.0;0.0574468085106383;0.05319148936170213;0.03404255319148936;0.0;0.04680851063829787;0.0;0.0;0.0
18;17;126;0001;1012;0.4743083003952569;0.07706766917293233;0.9229323308270677;0.0;0.0;0.0;0.008146639511201629;0.016293279022403257;0.002036659877800407;0.0;0.038696537678207736;0.0;0.0;0.0
18;8;127;0001;584;0.3938356164383562;0.06779661016949153;0.9322033898305084;0.0;0.0;0.0;0.021212121212121213;0.14545454545454545;0.045454545454545456;0.0;0.19393939393939394;0.0;0.0;0.0
18;8;127;0002;537;0.3687150837988827;0.061946902654867256;0.9380530973451328;0.0;0.0;0.0;0.09433962264150944;0.20440251572327045;0.1289308176100629;0.0;0.29559748427672955;0.0;0.0;0.0
18;11;128;0001;108;0.4444444444444444;0.0;1.0;0.0;0.0;0.0;0.4;1.6333333333333333;0.7666666666666667;0.0;1.9666666666666666;0.0;0.0;0.0
18;17;129;0001;150;0.37333333333333335;0.06382978723404255;0.9361702127659575;0.0;0.0;0.0;0.75;2.284090909090909;1.4090909090909092;0.0;1.875;0.0;0.0;0.0
18;8;130;0001;232;0.3879310344827586;0.04225352112676056;0.9577464788732394;0.0;0.0;0.0;0.4485294117647059;1.5073529411764706;0.8088235294117647;0.0;1.411764705882353;0.0;0.0;0.0
18;10;131;0001;32;0.375;0.15;0.85;0.0;0.0;0.0;1.4705882352941178;3.2941176470588234;1.9411764705882353;0.0;5.117647058823529;0.0;0.0;0.0
18;2;132;0001;132;0.3409090909090909;0.04597701149425287;0.9540229885057471;0.0;0.0;0.0;0.10843373493975904;0.3493975903614458;0.1686746987951807;0.0;0.1566265060240964;0.0;0.0;0.0
18;7;133;0001;572;0.5262237762237763;0.06273062730627306;0.9372693726937269;0.0;0.0;0.0;0.03543307086614173;0.1062992125984252;0.03543307086614173;0.0;0.16141732283464566;0.0;0.0;0.0
18;7;133;0002;455;0.6505494505494506;0.05660377358490566;0.9433962264150944;0.0;0.0;0.0;0.0;0.05333333333333334;0.013333333333333334;0.0;0.07333333333333333;0.0;0.0;0.0
18;11;134;0001;473;0.44820295983086683;0.04597701149425287;0.9540229885057471;0.0;0.0;0.0;0.004016064257028112;0.020080321285140562;0.008032128514056224;0.0;0.11646586345381527;0.0;0.0;0.0
18;8;135;0001;208;0.3894230769230769;0.06299212598425197;0.937007874015748;0.0;0.0;0.0;0.20168067226890757;0.6722689075630253;0.5462184873949579;0.0;0.3949579831932773;0.0;0.0;0.0
18;12;136;0001;259;0.46332046332046334;0.03597122302158273;0.9640287769784173;0.0;0.0;0.0;0.1417910447761194;0.29850746268656714;0.26119402985074625;0.0;0.291044776119403;0.0;0.0;0.0
18;7;137;0001;474;0.4936708860759494;0.07916666666666666;0.9208333333333333;0.0;0.0;0.0;0.04072398190045249;0.17647058823529413;0.09954751131221719;0.0;0.19004524886877827;0.0;0.0;0.0
18;13;138;0001;905;0.4850828729281768;0.060085836909871244;0.9399141630901288;0.0;0.0;0.0;0.0273972602739726;0.0593607305936073;0.0821917808219178;0.0;0.08904109589041095;0.0;0.0;0.0
18;13;138;0002;761;0.4940867279894875;0.08831168831168831;0.9116883116883117;0.0;0.0;0.0;0.03133903133903134;0.15954415954415954;0.07407407407407407;0.0;0.05413105413105413;0.0;0.0;0.0
18;2;139;0001;513;0.47368421052631576;0.022222222222222223;0.9777777777777777;0.0;0.0;0.0;0.19318181818181818;0.4962121212121212;0.38257575757575757;0.0;0.4015151515151515;0.0;0.0;0.0
18;11;140;0001;1141;0.48729184925503943;0.06324786324786325;0.9367521367521368;0.0;0.0;0.0;0.0036496350364963502;0.05291970802919708;0.02737226277372263;0.0;0.03832116788321168;0.0;0.0;0.0
18;11;141;0001;915;0.5617486338797815;0.04987531172069826;0.9501246882793017;0.0;0.0;0.0;0.14173228346456693;0.22572178477690288;0.13385826771653545;0.0;0.6902887139107612;0.0;0.0;0.0
18;11;141;0002;858;0.5606060606060606;0.04774535809018567;0.9522546419098143;0.0;0.0;0.0;0.04178272980501393;0.08635097493036212;0.03064066852367688;0.0;0.033426183844011144;0.0;0.0;0.0
18;11;141;0003;811;0.5104808877928483;0.06297229219143577;0.9370277078085643;0.0;0.0;0.0;0.13172043010752688;0.056451612903225805;0.08602150537634409;0.0;0.12365591397849462;0.0;0.0;0.0
18;11;141;0004;1038;0.4816955684007707;0.048327137546468404;0.9516728624535316;0.0;0.0;0.0;0.138671875;0.337890625;0.322265625;0.0;0.3828125;0.0;0.0;0.0
18;11;141;0005;891;0.5028058361391695;0.03837471783295711;0.9616252821670429;0.0;0.0;0.0;0.2347417840375587;0.43896713615023475;0.38497652582159625;0.0;0.3544600938967136;0.0;0.0;0.0
18;11;141;0006;701;0.5492154065620543;0.05379746835443038;0.9462025316455697;0.0;0.0;0.0;0.010033444816053512;0.0903010033444816;0.07023411371237458;0.0;0.06354515050167224;0.0;0.0;0.0
18;12;142;0001;554;0.4855595667870036;0.07017543859649122;0.9298245614035088;0.0;0.0;0.0;0.1660377358490566;0.6226415094339622;0.6641509433962264;0.0;0.44150943396226416;0.0;0.0;0.0
18;10;143;0001;258;0.5465116279069767;0.0;1.0;0.0;0.0;0.0;0.042735042735042736;0.017094017094017096;0.03418803418803419;0.0;0.05128205128205128;0.0;0.0;0.0
18;16;144;0001;414;0.4855072463768116;0.014084507042253521;0.9859154929577465;0.0;0.0;0.0;0.05238095238095238;0.21904761904761905;0.19523809523809524;0.0;0.09047619047619047;0.0;0.0;0.0
18;15;145;0001;642;0.48909657320872274;0.04573170731707317;0.9542682926829268;0.0;0.0;0.0;0.025559105431309903;0.10223642172523961;0.07028753993610223;0.0;0.07348242811501597;0.0;0.0;0.0
18;15;145;0002;495;0.43434343434343436;0.060714285714285714;0.9392857142857143;0.0;0.0;0.0;0.11787072243346007;0.5893536121673004;0.7490494296577946;0.0;0.4828897338403042;0.0;0.0;0.0
18;16;146;0001;296;0.5;0.04054054054054054;0.9594594594594594;0.0;0.0;0.0;0.11971830985915492;0.6197183098591549;0.5845070422535211;0.0;0.34507042253521125;0.0;0.0;0.0
18;1;147;0001;205;0.44390243902439025;0.043859649122807015;0.956140350877193;0.0;0.0;0.0;0.01834862385321101;0.2018348623853211;0.22018348623853212;0.0;0.24770642201834864;0.0;0.0;0.0
18;11;148;0001;1029;0.48202137998056366;0.09568480300187618;0.9043151969981238;0.0;0.0;0.0;0.004149377593360996;0.03319502074688797;0.012448132780082987;0.0;0.03112033195020747;0.0;0.0;0.0
18;11;148;0002;1071;0.5434173669467787;0.065439672801636;0.934560327198364;0.0;0.0;0.0;0.028446389496717725;0.1772428884026258;0.37636761487964987;0.0;0.05908096280087528;0.0;0.0;0.0
18;1;149;0001;479;0.4801670146137787;0.04819277108433735;0.9518072289156626;0.0;0.0;0.31645569620253167;0.0;0.379746835443038;0.24472573839662448;0.0;0.4767932489451477;0.0;0.0;0.0
18;19;150;0001;554;0.4693140794223827;0.06802721088435375;0.9319727891156463;0.0;0.0;0.15328467153284672;0.0;0.43795620437956206;0.24452554744525548;0.0;0.6021897810218978;0.0;0.0;0.0
18;14;151;0001;309;0.4110032362459547;0.016483516483516484;0.9835164835164835;0.0;0.0;0.3687150837988827;0.0;0.31843575418994413;0.1564245810055866;0.0;0.5642458100558659;0.0;0.0;0.0
18;8;152;0001;97;0.3917525773195876;0.05084745762711865;0.9491525423728814;0.0;0.0;0.42857142857142855;0.0;0.875;0.16071428571428573;0.0;0.9285714285714286;0.0;0.0;0.0
18;8;153;0001;238;0.3487394957983193;0.01935483870967742;0.9806451612903225;0.0;0.0;0.10526315789473684;0.0;0.2236842105263158;0.039473684210526314;0.0;0.25;0.0;0.0;0.0
18;10;154;0001;168;0.4642857142857143;0.05555555555555555;0.9444444444444444;0.0;0.0;2.976470588235294;0.0;1.2588235294117647;0.07058823529411765;0.0;0.6235294117647059;0.0;0.0;0.0
18;9;155;0001;356;0.35674157303370785;0.026200873362445413;0.9737991266375546;0.0;0.0;1.1300448430493273;0.0;0.28699551569506726;0.04932735426008968;0.0;0.21973094170403587;0.0;0.0;0.0
18;14;156;0001;389;0.39331619537275064;0.038135593220338986;0.961864406779661;0.0;0.0;0.06607929515418502;0.0;0.17180616740088106;0.039647577092511016;0.0;0.3700440528634361;0.0;0.0;0.0
18;7;157;0001;467;0.4925053533190578;0.10126582278481013;0.8987341772151899;0.0;0.0;0.056338028169014086;0.0;0.0892018779342723;0.03755868544600939;0.0;0.09859154929577464;0.0;0.0;0.0
18;2;158;0001;552;0.4963768115942029;0.046762589928057555;0.9532374100719424;0.0;0.0;0.21509433962264152;0.0;0.24150943396226415;0.09056603773584905;0.0;0.39245283018867927;0.0;0.0;0.0
18;1;159;0001;713;0.45722300140252453;0.031007751937984496;0.9689922480620154;0.0;0.0;0.32;0.0;0.5333333333333333;0.168;0.0;0.44;0.0;0.0;0.0
18;10;160;0001;1016;0.4675196850393701;0.05730129390018484;0.9426987060998152;0.0;0.0;0.1607843137254902;0.0;0.1392156862745098;0.08235294117647059;0.0;0.36470588235294116;0.0;0.0;0.0
18;9;161;0001;221;0.4434389140271493;0.04878048780487805;0.9512195121951219;0.0;0.0;0.811965811965812;0.0;0.9316239316239316;0.4358974358974359;0.0;0.8888888888888888;0.0;0.0;0.0
18;14;162;0001;207;0.42028985507246375;0.025;0.975;0.0;0.0;0.6239316239316239;0.0;0.7264957264957265;0.5982905982905983;0.0;1.2307692307692308;0.0;0.0;0.0
18;14;163;0001;244;0.3770491803278688;0.013157894736842105;0.9868421052631579;0.0;0.0;0.5066666666666667;0.0;0.7533333333333333;0.5266666666666666;0.0;1.6266666666666667;0.0;0.0;0.0
18;9;164;0001;116;0.27586206896551724;0.023809523809523808;0.9761904761904762;0.0;0.0;0.9512195121951219;0.0;1.475609756097561;0.7439024390243902;0.0;2.024390243902439;0.0;0.0;0.0
18;1;165;0001;1014;0.480276134122288;0.07020872865275142;0.9297912713472486;0.0;0.0;0.1346938775510204;0.0;0.16122448979591836;0.09387755102040816;0.0;0.22040816326530613;0.0;0.0;0.0
18;2;166;0001;340;0.4264705882352941;0.015384615384615385;0.9846153846153847;0.0;0.0;0.5104166666666666;0.0;0.7447916666666666;0.28125;0.0;0.9739583333333334;0.0;0.0;0.0
18;19;167;0001;232;0.3879310344827586;0.1056338028169014;0.8943661971830986;0.0;0.0;0.6771653543307087;0.0;1.2834645669291338;0.3228346456692913;0.0;1.31496062992126;0.0;0.0;0.0
18;16;168;0001;221;0.39819004524886875;0.015037593984962405;0.9849624060150376;0.0;0.0;0.24427480916030533;0.0;0.3511450381679389;0.183206106870229;0.0;0.6030534351145038;0.0;0.0;0.0
18;12;169;0001;184;0.41304347826086957;0.05555555555555555;0.9444444444444444;0.0;0.0;0.35294117647058826;0.0;1.0588235294117647;0.20588235294117646;0.0;1.4705882352941178;0.0;0.0;0.0
18;1;170;0001;584;0.4554794520547945;0.025157232704402517;0.9748427672955975;0.0;0.0;0.10967741935483871;0.0;0.1935483870967742;0.07741935483870968;0.0;0.22258064516129034;0.0;0.0;0.0
18;12;171;0001;197;0.4365482233502538;0.02702702702702703;0.972972972972973;0.0;0.06481481481481481;0.12962962962962962;0.0;0.3333333333333333;0.12962962962962962;0.0;0.0;0.19444444444444445;0.0;0.3055555555555556
18;12;172;0001;909;0.42574257425742573;0.05172413793103448;0.9482758620689655;0.0;0.01616161616161616;0.04040404040404041;0.0;0.15555555555555556;0.05454545454545454;0.0;0.0;0.12121212121212122;0.0;0.07272727272727272
18;12;172;0002;660;0.49393939393939396;0.08383233532934131;0.9161676646706587;0.0;0.013071895424836602;0.06535947712418301;0.0;0.14052287581699346;0.06862745098039216;0.0;0.0;0.06535947712418301;0.0;0.08169934640522876
18;9;173;0001;214;0.4158878504672897;0.064;0.936;0.0;0.03418803418803419;0.06837606837606838;0.0;0.47863247863247865;0.28205128205128205;0.0;0.0;0.23076923076923078;0.0;0.3418803418803419
18;2;174;0001;152;0.40131578947368424;0.0989010989010989;0.9010989010989011;0.0;0.10975609756097561;0.4146341463414634;0.0;0.7682926829268293;0.7195121951219512;0.0;0.0;0.5853658536585366;0.0;0.4268292682926829
18;10;175;0001;511;0.5107632093933464;0.052;0.948;0.0;0.02531645569620253;0.05907172995780591;0.0;0.10126582278481013;0.09282700421940929;0.0;0.0;0.03375527426160337;0.0;0.08438818565400844
18;14;176;0001;322;0.40372670807453415;0.052083333333333336;0.9479166666666666;0.0;0.005494505494505495;0.054945054945054944;0.0;0.08241758241758242;0.08791208791208792;0.0;0.0;0.07142857142857142;0.0;0.09340659340659341
18;9;177;0001;41;0.36585365853658536;0.038461538461538464;0.9615384615384616;0.0;0.24;1.68;0.0;1.64;0.52;0.0;0.0;0.92;0.0;0.36
18;8;178;0001;182;0.3791208791208791;0.04424778761061947;0.9557522123893806;0.0;0.10185185185185185;0.18518518518518517;0.0;0.6666666666666666;0.48148148148148145;0.0;0.0;0.4351851851851852;0.0;0.5833333333333334
18;15;179;0001;644;0.4611801242236025;0.043227665706051875;0.9567723342939481;0.0;0.05421686746987952;0.018072289156626505;0.0;0.10542168674698796;0.060240963855421686;0.0;0.0;0.02710843373493976;0.0;0.04216867469879518
18;17;180;0001;785;0.48152866242038217;0.044226044226044224;0.9557739557739557;0.0;0.028277634961439587;0.04627249357326478;0.0;0.10282776349614396;0.015424164524421594;0.0;0.0;0.043701799485861184;0.0;0.04113110539845758
18;17;180;0002;659;0.4613050075872534;0.04225352112676056;0.9577464788732394;0.0;0.09411764705882353;0.11176470588235295;0.0;0.3382352941176471;0.3058823529411765;0.0;0.0;0.3588235294117647;0.0;0.24705882352941178
18;7;181;0001;407;0.4275184275184275;0.05150214592274678;0.9484978540772532;0.0;0.04072398190045249;0.13574660633484162;0.0;0.3438914027149321;0.23076923076923078;0.0;0.0;0.3891402714932127;0.0;0.24434389140271492
18;7;182;0001;159;0.36477987421383645;0.0297029702970297;0.9702970297029703;0.0;0.20408163265306123;0.3469387755102041;0.0;0.4387755102040816;0.6020408163265306;0.0;0.0;0.7551020408163265;0.0;0.8061224489795918
18;9;183;0001;124;0.3790322580645161;0.06493506493506493;0.935064935064935;0.0;0.6527777777777778;0.5;0.0;1.3194444444444444;0.8611111111111112;0.0;0.0;1.2638888888888888;0.0;1.4444444444444444
18;2;184;0001;205;0.44390243902439025;0.017543859649122806;0.9824561403508771;0.0;0.17857142857142858;0.38392857142857145;0.0;0.7321428571428571;0.6428571428571429;0.0;0.0;1.2410714285714286;0.0;0.9107142857142857
18;1;185;0001;207;0.4396135265700483;0.04310344827586207;0.9568965517241379;0.0;0.16216216216216217;0.42342342342342343;0.0;0.8828828828828829;0.7297297297297297;0.0;0.0;0.9099099099099099;0.0;0.8468468468468469
18;11;186;0001;331;0.4350453172205438;0.03208556149732621;0.9679144385026738;0.0;0.08287292817679558;0.14917127071823205;0.0;0.5414364640883977;0.2154696132596685;0.0;0.0;0.4198895027624309;0.0;0.30939226519337015
18;8;187;0001;469;0.5010660980810234;0.05128205128205128;0.9487179487179487;0.0;0.07657657657657657;0.1981981981981982;0.0;0.35135135135135137;0.26126126126126126;0.0;0.0;0.47297297297297297;0.0;0.481981981981982
18;7;188;0001;207;0.5217391304347826;0.050505050505050504;0.9494949494949495;0.0;0.20212765957446807;0.3404255319148936;0.0;1.074468085106383;0.5106382978723404;0.0;0.0;0.9893617021276596;0.0;1.1595744680851063
18;15;189;0001;339;0.40412979351032446;0.034653465346534656;0.9653465346534653;0.0;0.03076923076923077;0.13846153846153847;0.0;0.5538461538461539;0.3230769230769231;0.0;0.0;0.31794871794871793;0.0;0.3487179487179487
18;11;190;0001;625;0.4832;0.02476780185758514;0.9752321981424149;0.0;0.031746031746031744;0.08253968253968254;0.0;0.23809523809523808;0.19047619047619047;0.0;0.0;0.2634920634920635;0.0;0.16507936507936508
18;9;191;0001;142;0.47183098591549294;0.05333333333333334;0.9466666666666667;0.30985915492957744;0.0;0.0;0.0;0.0;0.0;0.0;1.1549295774647887;0.0;5.957746478873239;0.0
18;8;192;0001;218;0.463302752293578;0.08547008547008547;0.9145299145299145;0.308411214953271;0.0;0.0;0.0;0.0;0.0;0.0;0.514018691588785;0.0;3.4953271028037385;0.0
18;8;193;0001;188;0.3404255319148936;0.07258064516129033;0.9274193548387096;0.34782608695652173;0.0;0.0;0.0;0.0;0.0;0.0;0.7739130434782608;0.0;2.9478260869565216;0.0
18;14;194;0001;783;0.5197956577266922;0.06648936170212766;0.9335106382978723;0.13675213675213677;0.0;0.0;0.0;0.0;0.0;0.0;0.4415954415954416;0.0;0.6695156695156695;0.0
18;9;195;0001;154;0.4025974025974026;0.021739130434782608;0.9782608695652174;0.4111111111111111;0.0;0.0;0.0;0.0;0.0;0.0;1.6888888888888889;0.0;1.8;0.0
18;9;196;0001;81;0.5679012345679012;0.08571428571428572;0.9142857142857143;1.34375;0.0;0.0;0.0;0.0;0.0;0.0;7.0625;0.0;4.03125;0.0
18;12;197;0001;733;0.5416098226466576;0.08035714285714286;0.9196428571428571;0.07766990291262135;0.0;0.0;0.0;0.0;0.0;0.0;0.5760517799352751;0.0;0.31715210355987056;0.0
18;12;197;0002;880;0.48409090909090907;0.04185022026431718;0.9581497797356828;0.08275862068965517;0.0;0.0;0.0;0.0;0.0;0.0;0.6850574712643678;0.0;0.32873563218390806;0.0
18;12;197;0003;999;0.5125125125125125;0.059548254620123205;0.9404517453798767;0.10698689956331878;0.0;0.0;0.0;0.0;0.0;0.0;0.7751091703056768;0.0;0.38209606986899564;0.0
18;12;197;0004;956;0.5104602510460251;0.06196581196581197;0.938034188034188;0.06150341685649203;0.0;0.0;0.0;0.0;0.0;0.0;0.5466970387243736;0.0;0.255125284738041;0.0
18;12;197;0005;800;0.58125;0.07164179104477612;0.9283582089552239;0.12218649517684887;0.0;0.0;0.0;0.0;0.0;0.0;0.5209003215434084;0.0;0.3536977491961415;0.0
18;12;197;0006;901;0.5205327413984462;0.05324074074074074;0.9467592592592593;0.12224938875305623;0.0;0.0;0.0;0.0;0.0;0.0;1.0244498777506112;0.0;0.5354523227383863;0.0
18;12;197;0007;780;0.4551282051282051;0.05411764705882353;0.9458823529411765;0.05721393034825871;0.0;0.0;0.0;0.0;0.0;0.0;0.3582089552238806;0.0;0.1791044776119403;0.0
18;12;197;0008;901;0.6026637069922308;0.0670391061452514;0.9329608938547486;0.0;0.0;0.0;0.36227544910179643;0.6826347305389222;0.2694610778443114;0.0;0.7335329341317365;0.0;0.0;0.0
18;12;197;0009;728;0.5563186813186813;0.05263157894736842;0.9473684210526315;0.0;0.0;0.0;0.0915032679738562;0.10784313725490197;0.032679738562091505;0.0;0.15359477124183007;0.0;0.0;0.0
18;7;198;0001;287;0.4425087108013937;0.05;0.95;0.0;0.0;0.0;0.15789473684210525;0.4276315789473684;0.16447368421052633;0.0;0.5328947368421053;0.0;0.0;0.0
18;8;199;0001;214;0.45794392523364486;0.09482758620689655;0.9051724137931034;0.0;0.0;0.0;0.3142857142857143;1.180952380952381;0.4666666666666667;0.0;0.9904761904761905;0.0;0.0;0.0
18;16;200;0001;259;0.444015444015444;0.020833333333333332;0.9791666666666666;0.0;0.0;0.0;0.07801418439716312;0.19148936170212766;0.10638297872340426;0.0;0.23404255319148937;0.0;0.0;0.0
18;17;201;0001;532;0.5150375939849624;0.050387596899224806;0.9496124031007752;0.0;0.0;0.0;0.42857142857142855;0.7061224489795919;0.17959183673469387;0.0;1.3551020408163266;0.0;0.0;0.0
18;14;202;0001;34;0.4117647058823529;0.1;0.9;0.0;0.0;0.0;1.8333333333333333;1.0;1.1666666666666667;0.0;1.5555555555555556;0.0;0.0;0.0
18;8;203;0001;87;0.5287356321839081;0.04878048780487805;0.9512195121951219;0.0;0.0;0.0;0.46153846153846156;0.5128205128205128;0.28205128205128205;0.0;0.9230769230769231;0.0;0.0;0.0
18;9;204;0001;252;0.44047619047619047;0.04964539007092199;0.950354609929078;0.0;0.0;0.0;0.26119402985074625;0.41044776119402987;0.1417910447761194;0.0;0.5223880597014925;0.0;0.0;0.0
18;13;205;0001;1010;0.5792079207920792;0.06352941176470588;0.9364705882352942;0.0;0.0;0.0;0.20854271356783918;0.10552763819095477;0.12060301507537688;0.0;0.135678391959799;0.0;0.0;0.0
18;13;205;0002;668;0.5254491017964071;0.05362776025236593;0.9463722397476341;0.0;0.0;0.0;0.07333333333333333;0.09;0.06666666666666667;0.0;0.16;0.0;0.0;0.0
18;13;205;0003;1019;0.5034347399411188;0.05731225296442688;0.9426877470355731;0.0;0.0;0.0;0.06918238993710692;0.05241090146750524;0.05870020964360587;0.0;0.13417190775681342;0.0;0.0;0.0
18;13;205;0004;1123;0.46482635796972394;0.036605657237936774;0.9633943427620633;0.0;0.0;0.0;0.07944732297063903;0.08808290155440414;0.08117443868739206;0.0;0.06563039723661486;0.0;0.0;0.0
18;13;205;0005;792;0.4936868686868687;0.05486284289276808;0.9451371571072319;0.0;0.0;0.0;0.21635883905013192;0.2717678100263852;0.10290237467018469;0.0;0.33509234828496043;0.0;0.0;0.0
18;13;205;0006;726;0.5578512396694215;0.03426791277258567;0.9657320872274143;0.0;0.0;0.0;0.0032258064516129032;0.0;0.012903225806451613;0.0;0.041935483870967745;0.0;0.0;0.0
18;13;205;0007;1390;0.47553956834532374;0.056241426611796985;0.943758573388203;0.0;0.0;0.0;0.1308139534883721;0.13226744186046513;0.12209302325581395;0.0;0.12936046511627908;0.0;0.0;0.0
18;13;205;0008;500;0.482;0.07722007722007722;0.9227799227799228;0.0;0.0;0.0;0.48535564853556484;0.4351464435146444;0.28451882845188287;0.0;0.2594142259414226;0.0;0.0;0.0
18;15;206;0001;665;0.4616541353383459;0.05027932960893855;0.9497206703910615;0.0;0.0;0.0;0.38235294117647056;0.2735294117647059;0.22647058823529412;0.0;0.15294117647058825;0.0;0.0;0.0
18;15;206;0002;513;0.5126705653021443;0.04;0.96;0.0;0.0;0.0;0.5375;0.35;0.3541666666666667;0.0;0.2;0.0;0.0;0.0
18;7;207;0001;1118;0.5420393559928444;0.03125;0.96875;0.0;0.0;0.0;0.2862903225806452;0.19959677419354838;0.2399193548387097;0.0;0.18346774193548387;0.0;0.0;0.0
18;7;207;0002;1030;0.5912621359223301;0.05463182897862233;0.9453681710213777;0.0;0.0;0.0;0.08793969849246232;0.12311557788944724;0.10804020100502512;0.0;0.13819095477386933;0.0;0.0;0.0
18;7;207;0003;919;0.4548422198041349;0.05189620758483034;0.9481037924151696;0.0;0.0;0.0;0.1726315789473684;0.28210526315789475;0.15368421052631578;0.0;0.3178947368421053;0.0;0.0;0.0
18;7;207;0004;904;0.5464601769911505;0.05121951219512195;0.948780487804878;0.0;0.0;0.0;0.07197943444730077;0.15167095115681234;0.07969151670951156;0.0;0.17994858611825193;0.0;0.0;0.0
18;7;207;0005;857;0.5507584597432905;0.05974025974025974;0.9402597402597402;0.0;0.0;0.0;0.04143646408839779;0.11878453038674033;0.1408839779005525;0.0;0.09944751381215469;0.0;0.0;0.0
18;7;207;0006;146;0.4931506849315068;0.06756756756756757;0.9324324324324325;0.0;0.0;0.0;0.4492753623188406;1.9130434782608696;1.2463768115942029;0.0;1.6521739130434783;0.0;0.0;0.0
18;16;208;0001;350;0.44857142857142857;0.05699481865284974;0.9430051813471503;0.0;0.0;0.0;0.13736263736263737;0.6098901098901099;0.967032967032967;0.0;0.7197802197802198;0.0;0.0;0.0
18;8;209;0001;352;0.3352272727272727;0.029914529914529916;0.9700854700854701;0.0;0.0;0.0;0.1145374449339207;0.4008810572687225;0.5859030837004405;0.0;0.4845814977973568;0.0;0.0;0.0
18;19;210;0001;464;0.41594827586206895;0.04797047970479705;0.9520295202952029;0.0;0.0;0.0;0.12790697674418605;0.44573643410852715;0.21705426356589147;0.0;0.42248062015503873;0.0;0.0;0.0
18;15;211;0001;552;0.4963768115942029;0.07553956834532374;0.9244604316546763;0.0;0.0;0.0;0.07392996108949416;0.33073929961089493;0.23346303501945526;0.0;0.3852140077821012;0.0;0.0;0.0
18;9;212;0001;459;0.48366013071895425;0.029535864978902954;0.9704641350210971;0.0;0.0;0.0;0.08260869565217391;0.23478260869565218;0.7304347826086957;0.0;0.39565217391304347;0.0;0.0;0.0
18;14;213;0001;693;0.443001443001443;0.08290155440414508;0.917098445595855;0.0;0.0;0.0;0.05367231638418079;0.11581920903954802;0.07627118644067797;0.0;0.3050847457627119;0.0;0.0;0.0
18;14;213;0002;705;0.48226950354609927;0.0410958904109589;0.958904109589041;0.0;0.0;0.0;0.11428571428571428;0.2;0.41714285714285715;0.0;0.24;0.0;0.0;0.0
18;14;213;0003;767;0.500651890482399;0.08093994778067885;0.9190600522193212;0.0;0.0;0.0;0.05113636363636364;0.19886363636363635;0.24431818181818182;0.0;0.1875;0.0;0.0;0.0
18;14;213;0004;695;0.4719424460431655;0.05722070844686648;0.9427792915531336;0.0;0.0;0.0;0.057803468208092484;0.1994219653179191;0.22832369942196531;0.0;0.25722543352601157;0.0;0.0;0.0
18;14;213;0005;797;0.41405269761606023;0.034261241970021415;0.9657387580299786;0.0;0.0;0.0;0.11529933481152993;0.07095343680709534;0.082039911308204;0.0;0.09090909090909091;0.0;0.0;0.0
18;19;214;0001;496;0.4112903225806452;0.03424657534246575;0.9657534246575342;0.0;0.0;0.0;0.0851063829787234;0.38652482269503546;0.22695035460992907;0.0;0.9432624113475178;0.0;0.0;0.0
18;10;215;0001;143;0.46153846153846156;0.025974025974025976;0.974025974025974;0.0;0.0;0.0;0.25333333333333335;1.24;0.56;0.0;3.2666666666666666;0.0;0.0;0.0
18;8;216;0001;452;0.3938053097345133;0.025547445255474453;0.9744525547445255;0.0;0.0;0.0;0.06367041198501873;0.32209737827715357;0.24344569288389514;0.0;0.550561797752809;0.0;0.0;0.0
18;8;217;0001;152;0.3881578947368421;0.043010752688172046;0.956989247311828;0.0;0.0;0.0;0.4157303370786517;1.7752808988764044;1.5168539325842696;0.0;1.7303370786516854;0.0;0.0;0.0
18;17;218;0001;483;0.47619047619047616;0.039525691699604744;0.9604743083003953;0.0;0.0;0.0;0.11934156378600823;0.3991769547325103;0.3497942386831276;0.0;0.3168724279835391;0.0;0.0;0.0
18;15;219;0001;309;0.4563106796116505;0.03571428571428571;0.9642857142857143;0.0;0.0;0.0;0.48148148148148145;0.6851851851851852;0.22839506172839505;0.0;0.9753086419753086;0.0;0.0;0.0
18;2;220;0001;312;0.46794871794871795;0.07228915662650602;0.927710843373494;0.0;0.0;0.0;0.4155844155844156;0.9090909090909091;0.22077922077922077;0.0;0.7857142857142857;0.0;0.0;0.0
18;17;221;0001;222;0.4189189189189189;0.10852713178294573;0.8914728682170543;0.0;0.0;0.0;0.3130434782608696;0.6173913043478261;0.3130434782608696;0.0;0.5043478260869565;0.0;0.0;0.0
18;17;222;0001;23;0.30434782608695654;0.0;1.0;0.0;0.0;0.5625;0.0;1.4375;1.75;0.0;1.3125;0.0;0.0;0.0
18;15;223;0001;786;0.3842239185750636;0.04338842975206612;0.9566115702479339;0.0;0.0;0.10151187904967603;0.0;0.2915766738660907;0.13174946004319654;0.0;0.2526997840172786;0.0;0.0;0.0
18;15;223;0002;801;0.4681647940074906;0.06338028169014084;0.9366197183098591;0.0;0.0;0.020050125313283207;0.0;0.16541353383458646;0.11779448621553884;0.0;0.15789473684210525;0.0;0.0;0.0
18;2;224;0001;261;0.4827586206896552;0.05185185185185185;0.9481481481481482;0.0;0.0;0.1171875;0.0;0.5859375;1.0234375;0.0;1.3125;0.0;0.0;0.0
18;8;225;0001;210;0.44285714285714284;0.042735042735042736;0.9572649572649573;0.0;0.0;0.3125;0.0;1.4821428571428572;2.0714285714285716;0.0;1.2321428571428572;0.0;0.0;0.0
18;14;226;0001;321;0.3894080996884735;0.07142857142857142;0.9285714285714286;0.0;0.0;0.038461538461538464;0.0;0.15384615384615385;0.13186813186813187;0.0;0.5714285714285714;0.0;0.0;0.0
18;1;227;0001;204;0.4166666666666667;0.03361344537815126;0.9663865546218487;0.0;0.0;0.05217391304347826;0.0;0.28695652173913044;0.1565217391304348;0.0;0.5391304347826087;0.0;0.0;0.0
18;19;228;0001;181;0.32044198895027626;0.12195121951219512;0.8780487804878049;0.0;0.0;0.1388888888888889;0.0;0.3333333333333333;0.10185185185185185;0.0;0.3055555555555556;0.0;0.0;0.0
18;15;229;0001;489;0.34355828220858897;0.018691588785046728;0.9813084112149533;0.0;0.0;0.025396825396825397;0.0;0.20952380952380953;0.2984126984126984;0.0;0.19682539682539682;0.0;0.0;0.0
18;8;230;0001;245;0.3877551020408163;0.07333333333333333;0.9266666666666666;0.0;0.0;0.050359712230215826;0.0;0.2589928057553957;0.1079136690647482;0.0;0.2158273381294964;0.0;0.0;0.0
18;9;231;0001;588;0.4914965986394558;0.043478260869565216;0.9565217391304348;0.0;0.0;0.04195804195804196;0.0;0.1258741258741259;0.08041958041958042;0.0;0.24125874125874125;0.0;0.0;0.0
18;8;232;0001;218;0.44495412844036697;0.04132231404958678;0.9586776859504132;0.0;0.0;0.034482758620689655;0.0;0.1724137931034483;0.07758620689655173;0.0;0.25862068965517243;0.0;0.0;0.0
18;16;233;0001;1167;0.4730077120822622;0.04552845528455285;0.9544715447154472;0.0;0.0;0.02385008517887564;0.0;0.06303236797274275;0.044293015332197615;0.0;0.11073253833049404;0.0;0.0;0.0
18;8;234;0001;382;0.4607329842931937;0.03398058252427184;0.9660194174757282;0.0;0.0;0.10552763819095477;0.0;0.44221105527638194;0.24623115577889448;0.0;0.3065326633165829;0.0;0.0;0.0
18;14;235;0001;924;0.4989177489177489;0.04967602591792657;0.9503239740820735;0.0;0.0;0.06818181818181818;0.0;0.3340909090909091;0.38181818181818183;0.0;0.2840909090909091;0.0;0.0;0.0
18;17;236;0001;95;0.4842105263157895;0.061224489795918366;0.9387755102040817;0.0;0.0;0.5;0.0;1.3043478260869565;0.7391304347826086;0.0;2.0217391304347827;0.0;0.0;0.0
18;11;237;0001;356;0.43820224719101125;0.065;0.935;0.0;0.0;0.12834224598930483;0.0;0.23529411764705882;0.20320855614973263;0.0;0.1925133689839572;0.0;0.0;0.0
18;8;238;0001;102;0.4019607843137255;0.06557377049180328;0.9344262295081968;0.0;0.0;0.17543859649122806;0.0;0.8070175438596491;1.105263157894737;0.0;0.21052631578947367;0.0;0.0;0.0
18;2;239;0001;143;0.43356643356643354;0.024691358024691357;0.9753086419753086;0.0;0.0;0.1518987341772152;0.0;0.6962025316455697;0.26582278481012656;0.0;0.6708860759493671;0.0;0.0;0.0
18;2;240;0001;568;0.4647887323943662;0.05263157894736842;0.9473684210526315;0.0;0.0;0.059027777777777776;0.0;0.19444444444444445;0.2013888888888889;0.0;0.17708333333333334;0.0;0.0;0.0
18;16;241;0001;810;0.4604938271604938;0.020594965675057208;0.9794050343249427;0.0;0.0;0.11682242990654206;0.0;0.4742990654205608;0.2546728971962617;0.0;0.5257009345794392;0.0;0.0;0.0
18;16;241;0002;143;0.3776223776223776;0.0449438202247191;0.9550561797752809;0.0;0.0;0.49411764705882355;0.0;1.1529411764705881;1.2;0.0;2.1882352941176473;0.0;0.0;0.0
18;16;241;0003;69;0.2753623188405797;0.1;0.9;0.0;0.0;0.022222222222222223;0.0;0.3333333333333333;0.2;0.0;1.3333333333333333;0.0;0.0;0.0
18;9;242;0001;1145;0.4820960698689956;0.06239460370994941;0.9376053962900506;0.0;0.0;0.008992805755395683;0.0;0.019784172661870502;0.017985611510791366;0.0;0.0341726618705036;0.0;0.0;0.0
18;9;242;0002;1128;0.4654255319148936;0.05804311774461028;0.9419568822553898;0.0;0.0;0.03697183098591549;0.0;0.12852112676056338;0.08626760563380281;0.0;0.10387323943661972;0.0;0.0;0.0
18;16;243;0001;381;0.45144356955380577;0.03349282296650718;0.9665071770334929;0.0;0.0;0.16336633663366337;0.0;0.6386138613861386;0.599009900990099;0.0;0.5396039603960396;0.0;0.0;0.0
18;7;244;0001;64;0.265625;0.10638297872340426;0.8936170212765957;0.0;0.0;0.42857142857142855;0.0;1.5;0.47619047619047616;0.0;1.6428571428571428;0.0;0.0;0.0
18;8;245;0001;341;0.36363636363636365;0.03225806451612903;0.967741935483871;0.0;0.0;0.13333333333333333;0.0;0.1761904761904762;0.22380952380952382;0.0;0.11904761904761904;0.0;0.0;0.0
18;16;246;0001;769;0.4681404421326398;0.04156479217603912;0.9584352078239609;0.0;0.0;0.015306122448979591;0.0;0.1989795918367347;0.5612244897959183;0.0;0.125;0.0;0.0;0.0
18;2;247;0001;494;0.44129554655870445;0.043478260869565216;0.9565217391304348;0.0;0.0;0.10606060606060606;0.0;0.32575757575757575;0.19318181818181818;0.0;0.4318181818181818;0.0;0.0;0.0
18;17;248;0001;322;0.40372670807453415;0.041666666666666664;0.9583333333333334;0.0;0.0;0.10326086956521739;0.0;0.24456521739130435;0.2391304347826087;0.0;0.18478260869565216;0.0;0.0;0.0
18;16;249;0001;330;0.4727272727272727;0.022988505747126436;0.9770114942528736;0.0;0.0;0.06470588235294118;0.0;0.25882352941176473;0.18235294117647058;0.0;0.28823529411764703;0.0;0.0;0.0
18;17;250;0001;55;0.4;0.09090909090909091;0.9090909090909091;0.0;0.0;0.06666666666666667;0.0;0.6;0.13333333333333333;0.0;0.5;0.0;0.0;0.0
18;2;251;0001;50;0.36;0.09375;0.90625;0.0;0.0;0.3448275862068966;0.0;3.3448275862068964;2.9655172413793105;0.0;4.0;0.0;0.0;0.0
18;8;252;0001;292;0.4212328767123288;0.10059171597633136;0.8994082840236687;0.0;0.0;0.16447368421052633;0.0;0.3815789473684211;0.3157894736842105;0.0;0.7828947368421053;0.0;0.0;0.0
18;14;253;0001;343;0.41690962099125367;0.06;0.94;0.0;0.0;0.031914893617021274;0.0;0.12234042553191489;0.09574468085106383;0.0;0.5904255319148937;0.0;0.0;0.0
18;17;254;0001;507;0.5187376725838264;0.03278688524590164;0.9672131147540983;0.0;0.0;0.046610169491525424;0.0;0.1483050847457627;0.21610169491525424;0.0;0.05084745762711865;0.0;0.0;0.0
18;7;255;0001;726;0.4807162534435262;0.0636604774535809;0.9363395225464191;0.0;0.0;0.056657223796033995;0.0;0.1529745042492918;0.056657223796033995;0.0;0.1671388101983003;0.0;0.0;0.0
18;16;256;0001;259;0.44787644787644787;0.04195804195804196;0.958041958041958;0.0;0.0;0.0;0.1386861313868613;0.21897810218978103;0.1678832116788321;0.0;0.23357664233576642;0.0;0.0;0.0
18;16;257;0001;546;0.33516483516483514;0.027548209366391185;0.9724517906336089;0.0;0.0;0.0;0.07365439093484419;0.16147308781869688;0.09348441926345609;0.0;0.13314447592067988;0.0;0.0;0.0
18;16;258;0001;531;0.4293785310734463;0.07920792079207921;0.9207920792079208;0.0;0.0;0.0;0.04659498207885305;0.1111111111111111;0.025089605734767026;0.0;0.08602150537634409;0.0;0.0;0.0
18;16;259;0001;246;0.37398373983739835;0.07792207792207792;0.922077922077922;0.0;0.0;0.0;0.4647887323943662;0.5774647887323944;0.2535211267605634;0.0;0.5774647887323944;0.0;0.0;0.0
18;10;260;0001;61;0.32786885245901637;0.04878048780487805;0.9512195121951219;0.0;0.0;0.0;1.7435897435897436;1.3076923076923077;0.8461538461538461;0.0;2.6923076923076925;0.0;0.0;0.0
18;9;261;0001;335;0.37910447761194027;0.03365384615384615;0.9663461538461539;0.0;0.0;0.0;0.08955223880597014;0.11442786069651742;0.06467661691542288;0.0;0.09950248756218906;0.0;0.0;0.0
18;16;262;0001;279;0.5017921146953405;0.02877697841726619;0.9712230215827338;0.0;0.0;0.0;0.18518518518518517;0.22962962962962963;0.06666666666666667;0.0;0.2222222222222222;0.0;0.0;0.0
18;19;263;0001;472;0.3771186440677966;0.04081632653061224;0.9591836734693877;0.0;0.0;0.0;0.02127659574468085;0.03546099290780142;0.05673758865248227;0.0;0.028368794326241134;0.0;0.0;0.0
18;16;264;0001;73;0.3698630136986301;0.15217391304347827;0.8478260869565217;0.0;0.0;0.0;0.6410256410256411;0.5641025641025641;0.5641025641025641;0.0;0.3076923076923077;0.0;0.0;0.0
18;10;265;0001;576;0.4704861111111111;0.03934426229508197;0.9606557377049181;0.0;0.0;0.0;0.15699658703071673;0.4334470989761092;0.7201365187713311;0.0;0.3651877133105802;0.0;0.0;0.0
18;8;266;0001;268;0.2947761194029851;0.031746031746031744;0.9682539682539683;0.0;0.0;0.0;0.0546448087431694;0.16393442622950818;0.1092896174863388;0.0;0.15300546448087432;0.0;0.0;0.0
18;17;267;0001;936;0.41239316239316237;0.06909090909090909;0.9309090909090909;0.0;0.0;0.0;0.0703125;0.150390625;0.1171875;0.0;0.421875;0.0;0.0;0.0
18;17;267;0002;745;0.44026845637583895;0.047961630695443645;0.9520383693045563;0.0;0.0;0.0;0.07304785894206549;0.16624685138539042;0.1561712846347607;0.0;0.4609571788413098;0.0;0.0;0.0
18;17;267;0003;740;0.4472972972972973;0.04645476772616137;0.9535452322738386;0.0;0.0;0.0;0.13333333333333333;0.20512820512820512;0.12051282051282051;0.0;0.16923076923076924;0.0;0.0;0.0
18;17;267;0004;851;0.4571092831962397;0.049783549783549784;0.9502164502164502;0.0;0.0;0.0;0.0774487471526196;0.1662870159453303;0.09339407744874716;0.0;0.2164009111617312;0.0;0.0;0.0
18;17;268;0001;291;0.4845360824742268;0.07333333333333333;0.9266666666666666;0.0;0.0;0.0;0.19424460431654678;0.33093525179856115;0.1510791366906475;0.0;0.1510791366906475;0.0;0.0;0.0
18;16;269;0001;583;0.451114922813036;0.034375;0.965625;0.0;0.0;0.0;0.0;0.012944983818770227;0.009708737864077669;0.0;0.02912621359223301;0.0;0.0;0.0
18;17;270;0001;560;0.4857142857142857;0.05555555555555555;0.9444444444444444;0.0;0.0;0.0;0.03676470588235294;0.04044117647058824;0.03676470588235294;0.0;0.05514705882352941;0.0;0.0;0.0
18;15;271;0001;1028;0.5038910505836576;0.050980392156862744;0.9490196078431372;0.0;0.0;0.0;0.06198347107438017;0.1322314049586777;0.08884297520661157;0.0;0.09710743801652892;0.0;0.0;0.0
18;16;272;0001;460;0.4282608695652174;0.049429657794676805;0.9505703422053232;0.0;0.0;0.0;0.004;0.036;0.036;0.0;0.044;0.0;0.0;0.0
18;17;273;0001;648;0.46141975308641975;0.07449856733524356;0.9255014326647565;0.0;0.0;0.0;0.09907120743034056;0.22910216718266255;0.22910216718266255;0.0;0.17337461300309598;0.0;0.0;0.0
18;16;274;0001;273;0.39194139194139194;0.04819277108433735;0.9518072289156626;0.0;0.0;0.0;0.930379746835443;0.6582278481012658;0.6139240506329114;0.0;1.0379746835443038;0.0;0.0;0.0
18;9;275;0001;127;0.4409448818897638;0.08450704225352113;0.9154929577464789;0.0;0.0;0.0;2.1076923076923078;1.4461538461538461;0.9384615384615385;0.0;1.6153846153846154;0.0;0.0;0.0
18;9;276;0001;139;0.35251798561151076;0.044444444444444446;0.9555555555555556;0.0;0.0;0.0;1.7790697674418605;0.9302325581395349;0.5465116279069767;0.0;1.2790697674418605;0.0;0.0;0.0
18;9;277;0001;39;0.4358974358974359;0.045454545454545456;0.9545454545454546;0.0;0.0;0.0;5.619047619047619;5.523809523809524;3.857142857142857;0.0;5.904761904761905;0.0;0.0;0.0
18;8;278;0001;396;0.41919191919191917;0.0391304347826087;0.9608695652173913;0.0;0.0;0.0;0.167420814479638;0.22624434389140272;0.09502262443438914;0.0;0.14027149321266968;0.0;0.0;0.0
18;19;279;0001;625;0.6208;0.016877637130801686;0.9831223628691983;0.0;0.0;0.0;0.2532188841201717;0.351931330472103;0.33047210300429186;0.0;0.2317596566523605;0.0;0.0;0.0
18;19;279;0002;630;0.5682539682539682;0.051470588235294115;0.9485294117647058;0.0;0.0;0.0;0.22868217054263565;0.375968992248062;0.18604651162790697;0.0;0.46124031007751937;0.0;0.0;0.0
18;19;279;0003;884;0.5554298642533937;0.058524173027989825;0.9414758269720102;0.0;0.0;0.0;0.04864864864864865;0.08378378378378379;0.04594594594594595;0.0;0.07297297297297298;0.0;0.0;0.0
18;18;279;0004;730;0.5671232876712329;0.04430379746835443;0.9556962025316456;0.0;0.029801324503311258;0.0;0.2781456953642384;0.33774834437086093;0.10927152317880795;0.24503311258278146;0.0;0.0;0.0;0.0
18;18;279;0005;736;0.485054347826087;0.05804749340369393;0.941952506596306;0.0;0.022408963585434174;0.0;0.25770308123249297;0.32212885154061627;0.18207282913165265;0.21568627450980393;0.0;0.0;0.0;0.0
18;18;279;0006;752;0.488031914893617;0.04935064935064935;0.9506493506493506;0.0;0.0273224043715847;0.0;0.3797814207650273;0.3114754098360656;0.09562841530054644;0.18579234972677597;0.0;0.0;0.0;0.0
18;18;279;0007;777;0.5032175032175032;0.04922279792746114;0.9507772020725389;0.0;0.02997275204359673;0.0;0.2888283378746594;0.2506811989100817;0.1335149863760218;0.2970027247956403;0.0;0.0;0.0;0.0
18;18;279;0008;604;0.5364238410596026;0.04285714285714286;0.9571428571428572;0.0;0.026119402985074626;0.0;0.24253731343283583;0.27238805970149255;0.15671641791044777;0.30223880597014924;0.0;0.0;0.0;0.0
18;18;279;0009;728;0.5302197802197802;0.08771929824561403;0.9122807017543859;0.0;0.038461538461538464;0.0;0.3525641025641026;0.22115384615384615;0.15705128205128205;0.23076923076923078;0.0;0.0;0.0;0.0
18;19;279;0010;780;0.514102564102564;0.06596306068601583;0.9340369393139841;0.0;0.07344632768361582;0.0;0.2627118644067797;0.3559322033898305;0.11864406779661017;0.23163841807909605;0.0;0.0;0.0;0.0
18;19;279;0011;840;0.5321428571428571;0.05597964376590331;0.9440203562340967;0.0;0.03234501347708895;0.0;0.20485175202156333;0.22641509433962265;0.10512129380053908;0.22371967654986524;0.0;0.0;0.0;0.0
18;18;279;0012;799;0.523153942428035;0.031496062992125984;0.968503937007874;0.0;0.02710027100271003;0.0;0.17886178861788618;0.17344173441734417;0.06504065040650407;0.0975609756097561;0.0;0.0;0.0;0.0
18;19;279;0013;296;0.5945945945945946;0.075;0.925;0.0;0.11711711711711711;0.0;1.1531531531531531;0.9009009009009009;0.3783783783783784;0.7477477477477478;0.0;0.0;0.0;0.0
18;18;279;0014;610;0.5065573770491804;0.023255813953488372;0.9767441860465116;0.0;0.017006802721088437;0.0;0.4387755102040816;0.20748299319727892;0.07482993197278912;0.14625850340136054;0.0;0.0;0.0;0.0
18;18;279;0015;446;0.5448430493273543;0.014778325123152709;0.9852216748768473;0.0;0.02;0.0;0.435;0.265;0.17;0.24;0.0;0.0;0.0;0.0
18;18;279;0016;862;0.5603248259860789;0.03430079155672823;0.9656992084432717;0.0;0.01639344262295082;0.0;0.3770491803278688;0.1721311475409836;0.07923497267759563;0.12295081967213115;0.0;0.0;0.0;0.0
18;19;279;0017;534;0.5411985018726592;0.061224489795918366;0.9387755102040817;0.0;0.09565217391304348;0.0;0.5565217391304348;0.3869565217391304;0.29130434782608694;0.4260869565217391;0.0;0.0;0.0;0.0
18;18;279;0018;677;0.5967503692762186;0.047619047619047616;0.9523809523809523;0.0;0.04230769230769231;0.0;0.4653846153846154;0.4;0.16923076923076924;0.2846153846153846;0.0;0.0;0.0;0.0
18;18;279;0019;559;0.5742397137745975;0.05042016806722689;0.9495798319327731;0.0;0.01327433628318584;0.0;0.1592920353982301;0.11946902654867257;0.1415929203539823;0.03982300884955752;0.0;0.0;0.0;0.0
18;19;279;0020;683;0.5197657393850659;0.0701219512195122;0.9298780487804879;0.0;0.022950819672131147;0.0;0.25901639344262295;0.4491803278688525;0.08196721311475409;0.23934426229508196;0.0;0.0;0.0;0.0
18;19;279;0021;792;0.46085858585858586;0.06557377049180328;0.9344262295081968;0.0;0.047619047619047616;0.0;0.7644110275689223;0.44360902255639095;0.07518796992481203;0.14536340852130325;0.0;0.0;0.0;0.0
18;19;279;0022;809;0.48084054388133496;0.05476190476190476;0.9452380952380952;0.0;0.04030226700251889;0.0;0.16120906801007556;0.31738035264483627;0.08312342569269521;0.08816120906801007;0.0;0.0;0.0;0.0
18;19;279;0023;759;0.4782608695652174;0.06565656565656566;0.9343434343434344;0.0;0.010810810810810811;0.0;0.10810810810810811;0.15945945945945947;0.02702702702702703;0.03783783783783784;0.0;0.0;0.0;0.0
18;19;279;0024;468;0.655982905982906;0.049689440993788817;0.9503105590062112;0.0;0.0196078431372549;0.0;0.6862745098039216;0.6601307189542484;0.11764705882352941;0.20261437908496732;0.0;0.0;0.0;0.0
18;18;279;0025;662;0.554380664652568;0.04745762711864407;0.9525423728813559;0.0;0.03558718861209965;0.0;0.42704626334519574;0.3096085409252669;0.1103202846975089;0.12099644128113879;0.0;0.0;0.0;0.0
18;18;279;0026;898;0.5334075723830735;0.03579952267303103;0.964200477326969;0.0;0.009900990099009901;0.0;0.11386138613861387;0.07673267326732673;0.024752475247524754;0.04207920792079208;0.0;0.0;0.0;0.0
18;18;279;0027;839;0.5566150178784267;0.04838709677419355;0.9516129032258065;0.0;0.011299435028248588;0.0;0.3785310734463277;0.2994350282485876;0.025423728813559324;0.08192090395480225;0.0;0.0;0.0;0.0
18;15;280;0001;560;0.4642857142857143;0.04;0.96;0.0;0.03819444444444445;0.0;0.23958333333333334;0.2847222222222222;0.05555555555555555;0.1909722222222222;0.0;0.0;0.0;0.0
18;15;281;0001;748;0.47593582887700536;0.02040816326530612;0.9795918367346939;0.0;0.036458333333333336;0.0;0.17708333333333334;0.20052083333333334;0.08854166666666667;0.16927083333333334;0.0;0.0;0.0;0.0
18;15;281;0002;743;0.4952893674293405;0.042666666666666665;0.9573333333333334;0.0;0.013927576601671309;0.0;0.3593314763231198;0.3593314763231198;0.0947075208913649;0.20334261838440112;0.0;0.0;0.0;0.0
18;2;282;0001;434;0.3824884792626728;0.05970149253731343;0.9402985074626866;0.0;0.047619047619047616;0.0;0.44047619047619047;0.4642857142857143;0.1349206349206349;0.31746031746031744;0.0;0.0;0.0;0.0
18;8;283;0001;80;0.5375;0.02702702702702703;0.972972972972973;0.0;0.5;0.0;2.7777777777777777;3.3055555555555554;1.1111111111111112;2.611111111111111;0.0;0.0;0.0;0.0
18;16;284;0001;178;0.3651685393258427;0.035398230088495575;0.9646017699115044;0.0;0.009174311926605505;0.0;0.26605504587155965;0.3853211009174312;0.11926605504587157;0.23853211009174313;0.0;0.0;0.0;0.0
18;7;285;0001;335;0.5343283582089552;0.057692307692307696;0.9423076923076923;0.0;0.06802721088435375;0.0;0.5170068027210885;0.3877551020408163;0.17687074829931973;0.41496598639455784;0.0;0.0;0.0;0.0
18;2;286;0001;353;0.3314447592067989;0.029661016949152543;0.9703389830508474;0.0;0.03056768558951965;0.0;0.43231441048034935;0.4148471615720524;0.11353711790393013;0.3406113537117904;0.0;0.0;0.0;0.0
18;16;287;0001;266;0.3684210526315789;0.08928571428571429;0.9107142857142857;0.0;0.05228758169934641;0.0;1.091503267973856;0.8431372549019608;0.13071895424836602;0.49019607843137253;0.0;0.0;0.0;0.0
18;17;288;0001;186;0.45698924731182794;0.07920792079207921;0.9207920792079208;0.0;0.11827956989247312;0.0;2.064516129032258;1.1397849462365592;0.2903225806451613;0.6559139784946236;0.0;0.0;0.0;0.0
18;2;289;0001;389;0.40359897172236503;0.021551724137931036;0.978448275862069;0.0;0.039647577092511016;0.0;0.5594713656387665;0.4185022026431718;0.15418502202643172;0.4581497797356828;0.0;0.0;0.0;0.0
18;15;290;0001;384;0.4375;0.06944444444444445;0.9305555555555556;0.0;0.01990049751243781;0.0;0.1791044776119403;0.22885572139303484;0.0845771144278607;0.24875621890547264;0.0;0.0;0.0;0.0
